<?xml version="1.0" encoding="UTF-8"?><kml xmlns="http://www.opengis.net/kml/2.2"><Document><name>Digital Static Motion 2 - mapped Cut v0.7</name><description>Active game geometry. Map data © OpenStreetMap contributors, ODbL 1.0. Visual satellite audit; no survey accuracy claim.</description><LookAt><longitude>-83.03589124641053</longitude><latitude>42.34720336427042</latitude><range>2600</range><tilt>0</tilt><heading>0</heading><altitudeMode>clampToGround</altitudeMode></LookAt><Style id="trail"><LineStyle><color>ff00ffff</color><width>2</width></LineStyle><PolyStyle><fill>0</fill></PolyStyle></Style><Style id="bridge"><LineStyle><color>ff0088ff</color><width>2</width></LineStyle><PolyStyle><fill>0</fill></PolyStyle></Style><Style id="ramp"><LineStyle><color>ffffff00</color><width>2</width></LineStyle><PolyStyle><fill>0</fill></PolyStyle></Style><Style id="building"><LineStyle><color>ff55ee77</color><width>2</width></LineStyle><PolyStyle><fill>0</fill></PolyStyle></Style><Placemark><name>Motion 2 mapped Cut centerline</name><description>OSM mapped vertices; 2629.24 m route</description><styleUrl>#trail</styleUrl><LineString><tessellate>1</tessellate><altitudeMode>clampToGround</altitudeMode><coordinates>-83.0265352451,42.3331553135,0 -83.0265648371,42.3332039859,0 -83.0265939888,42.3332546096,0 -83.0267298796,42.3334559269,0 -83.0267452918,42.3335150083,0 -83.0267845299,42.3336187921,0 -83.0268554718,42.3337590405,0 -83.0269683231,42.3339085774,0 -83.0270771950,42.3340204999,0 -83.0270972285,42.3340386070,0 -83.0271105976,42.3340537499,0 -83.0271198445,42.3340751127,0 -83.0271217131,42.3340900818,0 -83.0271195277,42.3341101005,0 -83.0271156558,42.3341428716,0 -83.0271131606,42.3341765072,0 -83.0271164948,42.3341920955,0 -83.0271232377,42.3342080959,0 -83.0271403533,42.3342371989,0 -83.0271608926,42.3342642182,0 -83.0271908962,42.3342911395,0 -83.0272175420,42.3343135815,0 -83.0272463035,42.3343419665,0 -83.0272784588,42.3343833211,0 -83.0273304287,42.3344514857,0 -83.0273427554,42.3344712227,0 -83.0273698225,42.3345035465,0 -83.0274089241,42.3345446331,0 -83.0274162797,42.3345547706,0 -83.0274258356,42.3345698816,0 -83.0274361888,42.3345847559,0 -83.0274664680,42.3346123893,0 -83.0275297532,42.3346549786,0 -83.0275573830,42.3346781416,0 -83.0275810272,42.3347051841,0 -83.0276044426,42.3347367845,0 -83.0276189632,42.3347654392,0 -83.0276386520,42.3348289189,0 -83.0276525404,42.3348652082,0 -83.0276776989,42.3349585089,0 -83.0276903085,42.3350051981,0 -83.0276986278,42.3350251935,0 -83.0277295020,42.3350715552,0 -83.0277469266,42.3350944064,0 -83.0277715658,42.3351290112,0 -83.0278025572,42.3351748043,0 -83.0278317248,42.3352155670,0 -83.0311156114,42.3401956557,0 -83.0313207509,42.3405063071,0 -83.0313363258,42.3405298440,0 -83.0314926705,42.3407665153,0 -83.0316170430,42.3409547002,0 -83.0341935110,42.3448519701,0 -83.0344549687,42.3453446905,0 -83.0345214302,42.3454491981,0 -83.0345738960,42.3455221299,0 -83.0346887955,42.3456714149,0 -83.0349587198,42.3460008841,0 -83.0352041121,42.3462910349,0 -83.0353802422,42.3464871054,0 -83.0355295204,42.3466615479,0 -83.0355735228,42.3467180728,0 -83.0356830352,42.3468787852,0 -83.0360689606,42.3474804018,0 -83.0365524606,42.3482049865,0 -83.0371089318,42.3490539131,0 -83.0371422080,42.3491037098,0 -83.0371834777,42.3491594303,0 -83.0372374838,42.3492278667,0 -83.0372492984,42.3492426359,0 -83.0372835106,42.3492851871,0 -83.0373461367,42.3493759801,0 -83.0373911289,42.3494467080,0 -83.0376378630,42.3498345166,0 -83.0377382221,42.3499844066,0 -83.0379291459,42.3502694887,0 -83.0381604911,42.3506521444,0 -83.0383018513,42.3508732212,0 -83.0383748859,42.3509755456,0 -83.0385139170,42.3511652533,0 -83.0389511394,42.3518233930,0 -83.0393858787,42.3524871566,0 -83.0397939259,42.3531057815,0 -83.0404701302,42.3541232978,0 -83.0405289501,42.3541651997,0 -83.0406152660,42.3542856089,0 -83.0406217266,42.3542947800,0</coordinates></LineString></Placemark><Placemark><name>East Jefferson Avenue</name><description>OSM road bearing/span; estimated deck width</description><styleUrl>#bridge</styleUrl><Polygon><altitudeMode>clampToGround</altitudeMode><outerBoundaryIs><LinearRing><coordinates>-83.0283449697,42.3356823552,0 -83.0284704305,42.3358414447,0 -83.0281739305,42.3359692447,0 -83.0280484697,42.3358101552,0 -83.0283449697,42.3356823552,0</coordinates></LinearRing></outerBoundaryIs></Polygon></Placemark><Placemark><name>East Larned Street</name><description>OSM road bearing/span; estimated deck width</description><styleUrl>#bridge</styleUrl><Polygon><altitudeMode>clampToGround</altitudeMode><outerBoundaryIs><LinearRing><coordinates>-83.0287625055,42.3367476367,0 -83.0286144946,42.3365639632,0 -83.0289141946,42.3364319632,0 -83.0290622055,42.3366156367,0 -83.0287625055,42.3367476367,0</coordinates></LinearRing></outerBoundaryIs></Polygon></Placemark><Placemark><name>Pedestrian bridge 51600816</name><description>OSM road bearing/span; estimated deck width</description><styleUrl>#bridge</styleUrl><Polygon><altitudeMode>clampToGround</altitudeMode><outerBoundaryIs><LinearRing><coordinates>-83.0294449319,42.3371861265,0 -83.0295100682,42.3372682734,0 -83.0291032682,42.3374445734,0 -83.0290381319,42.3373624265,0 -83.0294449319,42.3371861265,0</coordinates></LinearRing></outerBoundaryIs></Polygon></Placemark><Placemark><name>East Lafayette Street</name><description>OSM bridge footprint</description><styleUrl>#bridge</styleUrl><Polygon><altitudeMode>clampToGround</altitudeMode><outerBoundaryIs><LinearRing><coordinates>-83.0305830001,42.3390508999,0 -83.0303178001,42.3391653999,0 -83.0303106001,42.3391552999,0 -83.0301678001,42.3389553999,0 -83.0301268001,42.3388960999,0 -83.0301157001,42.3388804999,0 -83.0303872001,42.3387613999,0 -83.0303963001,42.3387748999,0 -83.0304410001,42.3388398999,0 -83.0305250001,42.3389676999,0 -83.0305766001,42.3390412999,0 -83.0305830001,42.3390508999,0</coordinates></LinearRing></outerBoundaryIs></Polygon></Placemark><Placemark><name>Vernor pedestrian bridge</name><description>OSM bridge footprint</description><styleUrl>#bridge</styleUrl><Polygon><altitudeMode>clampToGround</altitudeMode><outerBoundaryIs><LinearRing><coordinates>-83.0329491000,42.3426604999,0 -83.0329363000,42.3426415999,0 -83.0328661000,42.3425385999,0 -83.0326516000,42.3426255999,0 -83.0326556000,42.3426316999,0 -83.0327156000,42.3427229999,0 -83.0327279000,42.3427388999,0 -83.0327322000,42.3427474999,0 -83.0328231000,42.3427110999,0 -83.0329356000,42.3426658999,0 -83.0329491000,42.3426604999,0</coordinates></LinearRing></outerBoundaryIs></Polygon></Placemark><Placemark><name>Chestnut Street</name><description>OSM bridge footprint</description><styleUrl>#bridge</styleUrl><Polygon><altitudeMode>clampToGround</altitudeMode><outerBoundaryIs><LinearRing><coordinates>-83.0343227000,42.3447369999,0 -83.0343115000,42.3447220999,0 -83.0342774000,42.3446732999,0 -83.0342374000,42.3446230999,0 -83.0342330000,42.3446171999,0 -83.0341128000,42.3446663999,0 -83.0338904000,42.3447610999,0 -83.0338982000,42.3447706999,0 -83.0339368000,42.3448228999,0 -83.0339718000,42.3448672999,0 -83.0339794000,42.3448773999,0 -83.0343227000,42.3447369999,0</coordinates></LinearRing></outerBoundaryIs></Polygon></Placemark><Placemark><name>Antietam Avenue</name><description>OSM bridge footprint</description><styleUrl>#bridge</styleUrl><Polygon><altitudeMode>clampToGround</altitudeMode><outerBoundaryIs><LinearRing><coordinates>-83.0349079000,42.3453643999,0 -83.0348984000,42.3453522999,0 -83.0348615000,42.3453050999,0 -83.0348293000,42.3452639999,0 -83.0348181000,42.3452495999,0 -83.0343528000,42.3454483999,0 -83.0343663000,42.3454649999,0 -83.0344006000,42.3455095999,0 -83.0344360000,42.3455547999,0 -83.0344427000,42.3455632999,0 -83.0349079000,42.3453643999,0</coordinates></LinearRing></outerBoundaryIs></Polygon></Placemark><Placemark><name>Gratiot Avenue</name><description>OSM road bearing/span; estimated deck width</description><styleUrl>#bridge</styleUrl><Polygon><altitudeMode>clampToGround</altitudeMode><outerBoundaryIs><LinearRing><coordinates>-83.0357940956,42.3470856005,0 -83.0360787822,42.3472079411,0 -83.0359078045,42.3474253992,0 -83.0356231179,42.3473030586,0 -83.0357940956,42.3470856005,0</coordinates></LinearRing></outerBoundaryIs></Polygon></Placemark><Placemark><name>Adelaide Street</name><description>OSM bridge footprint</description><styleUrl>#bridge</styleUrl><Polygon><altitudeMode>clampToGround</altitudeMode><outerBoundaryIs><LinearRing><coordinates>-83.0366675000,42.3481100999,0 -83.0365342000,42.3479933999,0 -83.0362792000,42.3480947999,0 -83.0363070000,42.3482438999,0 -83.0366675000,42.3481100999,0</coordinates></LinearRing></outerBoundaryIs></Polygon></Placemark><Placemark><name>Division Street</name><description>OSM bridge footprint</description><styleUrl>#bridge</styleUrl><Polygon><altitudeMode>clampToGround</altitudeMode><outerBoundaryIs><LinearRing><coordinates>-83.0365137000,42.3488721999,0 -83.0366046000,42.3489891999,0 -83.0366172000,42.3489915999,0 -83.0371835000,42.3487902999,0 -83.0370972000,42.3486513999,0 -83.0370234000,42.3486785999,0 -83.0366694000,42.3488130999,0 -83.0365137000,42.3488721999,0</coordinates></LinearRing></outerBoundaryIs></Polygon></Placemark><Placemark><name>Wilkins Street</name><description>OSM bridge footprint</description><styleUrl>#bridge</styleUrl><Polygon><altitudeMode>clampToGround</altitudeMode><outerBoundaryIs><LinearRing><coordinates>-83.0380741000,42.3509199999,0 -83.0380851000,42.3509158999,0 -83.0383336000,42.3508229999,0 -83.0383600000,42.3508130999,0 -83.0383476000,42.3507949999,0 -83.0382611000,42.3506686999,0 -83.0382472000,42.3506483999,0 -83.0382284000,42.3506553999,0 -83.0379613000,42.3507551999,0 -83.0380610000,42.3509008999,0 -83.0380741000,42.3509199999,0</coordinates></LinearRing></outerBoundaryIs></Polygon></Placemark><Placemark><name>Lafayette ramp</name><description>OSM connected cycleway vertices</description><styleUrl>#ramp</styleUrl><LineString><tessellate>1</tessellate><altitudeMode>clampToGround</altitudeMode><coordinates>-83.0313207001,42.3405062999,0 -83.0310667001,42.3402815999,0 -83.0301871001,42.3392085999,0 -83.0301377001,42.3391263999,0</coordinates></LineString></Placemark><Placemark><name>Gratiot ramp</name><description>OSM connected cycleway vertices</description><styleUrl>#ramp</styleUrl><LineString><tessellate>1</tessellate><altitudeMode>clampToGround</altitudeMode><coordinates>-83.0349588000,42.3460008999,0 -83.0350975000,42.3465250999,0 -83.0351660000,42.3467859999,0 -83.0351853000,42.3468516999,0 -83.0352046000,42.3469014999,0 -83.0352275000,42.3469444999,0 -83.0352495000,42.3469786999,0 -83.0352946000,42.3470328999,0 -83.0353384000,42.3470762999,0 -83.0353928000,42.3471201999,0 -83.0354672000,42.3471680999,0 -83.0356334000,42.3472475999,0 -83.0357165000,42.3472872999,0</coordinates></LineString></Placemark><Placemark><name>Wilkins ramp</name><description>OSM connected cycleway vertices</description><styleUrl>#ramp</styleUrl><LineString><tessellate>1</tessellate><altitudeMode>clampToGround</altitudeMode><coordinates>-83.0383019000,42.3508731999,0 -83.0387120000,42.3507196999,0 -83.0391448000,42.3505703999,0 -83.0391956000,42.3505658999,0 -83.0392821000,42.3505325999,0 -83.0393602000,42.3505030999,0 -83.0394376000,42.3504740999,0</coordinates></LineString></Placemark><Placemark><name>Lafayette West OSM 59472818</name><description>Exact active runtime footprint; tagged or estimated height</description><styleUrl>#building</styleUrl><Polygon><altitudeMode>clampToGround</altitudeMode><outerBoundaryIs><LinearRing><coordinates>-83.0336605068,42.3396991011,0 -83.0334721416,42.3397787757,0 -83.0338385281,42.3402517074,0 -83.0340269378,42.3401719101,0 -83.0336605068,42.3396991011,0</coordinates></LinearRing></outerBoundaryIs></Polygon></Placemark><Placemark><name>Building OSM 59734740</name><description>Exact active runtime footprint; tagged or estimated height</description><styleUrl>#building</styleUrl><Polygon><altitudeMode>clampToGround</altitudeMode><outerBoundaryIs><LinearRing><coordinates>-83.0354564463,42.3424988064,0 -83.0353389982,42.3425494559,0 -83.0355068449,42.3427615093,0 -83.0356242322,42.3427107821,0 -83.0354564463,42.3424988064,0</coordinates></LinearRing></outerBoundaryIs></Polygon></Placemark><Placemark><name>Building OSM 59734742</name><description>Exact active runtime footprint; tagged or estimated height</description><styleUrl>#building</styleUrl><Polygon><altitudeMode>clampToGround</altitudeMode><outerBoundaryIs><LinearRing><coordinates>-83.0357039833,42.3427872119,0 -83.0348305132,42.3431592090,0 -83.0349108304,42.3432620554,0 -83.0357842397,42.3428899805,0 -83.0357039833,42.3427872119,0</coordinates></LinearRing></outerBoundaryIs></Polygon></Placemark><Placemark><name>Building OSM 59734744</name><description>Exact active runtime footprint; tagged or estimated height</description><styleUrl>#building</styleUrl><Polygon><altitudeMode>clampToGround</altitudeMode><outerBoundaryIs><LinearRing><coordinates>-83.0348514054,42.3422538738,0 -83.0341954002,42.3425331532,0 -83.0342749439,42.3426351887,0 -83.0349309045,42.3423560320,0 -83.0348514054,42.3422538738,0</coordinates></LinearRing></outerBoundaryIs></Polygon></Placemark><Placemark><name>Building OSM 59734746</name><description>Exact active runtime footprint; tagged or estimated height</description><styleUrl>#building</styleUrl><Polygon><altitudeMode>clampToGround</altitudeMode><outerBoundaryIs><LinearRing><coordinates>-83.0340558623,42.3421642122,0 -83.0339382602,42.3422143051,0 -83.0341046988,42.3424277894,0 -83.0342221957,42.3423777414,0 -83.0340558623,42.3421642122,0</coordinates></LinearRing></outerBoundaryIs></Polygon></Placemark><Placemark><name>Building OSM 59734748</name><description>Exact active runtime footprint; tagged or estimated height</description><styleUrl>#building</styleUrl><Polygon><altitudeMode>clampToGround</altitudeMode><outerBoundaryIs><LinearRing><coordinates>-83.0351948285,42.3416742245,0 -83.0350751663,42.3417250930,0 -83.0354016804,42.3421440936,0 -83.0355211767,42.3420931922,0 -83.0351948285,42.3416742245,0</coordinates></LinearRing></outerBoundaryIs></Polygon></Placemark><Placemark><name>Building OSM 59734757</name><description>Exact active runtime footprint; tagged or estimated height</description><styleUrl>#building</styleUrl><Polygon><altitudeMode>clampToGround</altitudeMode><outerBoundaryIs><LinearRing><coordinates>-83.0348961676,42.3411403332,0 -83.0343609616,42.3413673253,0 -83.0344547098,42.3414880888,0 -83.0349899766,42.3412611745,0 -83.0348961676,42.3411403332,0</coordinates></LinearRing></outerBoundaryIs></Polygon></Placemark><Placemark><name>Building OSM 59734758</name><description>Exact active runtime footprint; tagged or estimated height</description><styleUrl>#building</styleUrl><Polygon><altitudeMode>clampToGround</altitudeMode><outerBoundaryIs><LinearRing><coordinates>-83.0349807648,42.3413207047,0 -83.0348112444,42.3413937879,0 -83.0349928215,42.3416234233,0 -83.0351620707,42.3415503521,0 -83.0349807648,42.3413207047,0</coordinates></LinearRing></outerBoundaryIs></Polygon></Placemark><Placemark><name>Building OSM 59734759</name><description>Exact active runtime footprint; tagged or estimated height</description><styleUrl>#building</styleUrl><Polygon><altitudeMode>clampToGround</altitudeMode><outerBoundaryIs><LinearRing><coordinates>-83.0342707363,42.3413985756,0 -83.0341031708,42.3414709281,0 -83.0341724545,42.3415585681,0 -83.0341244417,42.3415793728,0 -83.0340941134,42.3415410763,0 -83.0338822625,42.3416325388,0 -83.0339135629,42.3416720800,0 -83.0338647082,42.3416932441,0 -83.0337951044,42.3416050145,0 -83.0336284252,42.3416768850,0 -83.0338076210,42.3419040101,0 -83.0339715642,42.3418333074,0 -83.0339011099,42.3417439888,0 -83.0339540686,42.3417210730,0 -83.0339844739,42.3417596478,0 -83.0341939045,42.3416692184,0 -83.0341638192,42.3416312331,0 -83.0342100431,42.3416111920,0 -83.0342812710,42.3417013214,0 -83.0344516777,42.3416277562,0 -83.0342707363,42.3413985756,0</coordinates></LinearRing></outerBoundaryIs></Polygon></Placemark><Placemark><name>Building OSM 59734760</name><description>Exact active runtime footprint; tagged or estimated height</description><styleUrl>#building</styleUrl><Polygon><altitudeMode>clampToGround</altitudeMode><outerBoundaryIs><LinearRing><coordinates>-83.0344557845,42.3404278407,0 -83.0340695238,42.3405938510,0 -83.0341062476,42.3406405166,0 -83.0340573767,42.3406614801,0 -83.0340471255,42.3406485331,0 -83.0340362504,42.3406346076,0 -83.0338816564,42.3407011123,0 -83.0339751811,42.3408197929,0 -83.0337951985,42.3408974454,0 -83.0337011270,42.3407780646,0 -83.0335478564,42.3408441081,0 -83.0335707283,42.3408730362,0 -83.0335183402,42.3408956047,0 -83.0335046705,42.3408781006,0 -83.0334806444,42.3408476944,0 -83.0331583959,42.3409867970,0 -83.0331928555,42.3410303836,0 -83.0332463594,42.3410979972,0 -83.0335659771,42.3409600174,0 -83.0335441544,42.3409326124,0 -83.0335493107,42.3409304115,0 -83.0335994281,42.3409087085,0 -83.0337430989,42.3410905234,0 -83.0336951305,42.3411112054,0 -83.0336933416,42.3411119690,0 -83.0336710166,42.3410837410,0 -83.0333695146,42.3412141958,0 -83.0334604388,42.3413290075,0 -83.0337574159,42.3412004841,0 -83.0337201616,42.3411533189,0 -83.0337314657,42.3411483902,0 -83.0337729098,42.3411304929,0 -83.0337955993,42.3411591876,0 -83.0339506870,42.3410920574,0 -83.0338389404,42.3409507622,0 -83.0338706590,42.3409371199,0 -83.0338834781,42.3409535348,0 -83.0339393832,42.3409293614,0 -83.0339952438,42.3409053108,0 -83.0339821208,42.3408885068,0 -83.0340114191,42.3408758976,0 -83.0341229716,42.3410174831,0 -83.0342828716,42.3409486100,0 -83.0342615631,42.3409215041,0 -83.0343060144,42.3409024270,0 -83.0343441963,42.3409509597,0 -83.0346808494,42.3408062274,0 -83.0345859881,42.3406858352,0 -83.0342519658,42.3408294446,0 -83.0342756274,42.3408593841,0 -83.0342263963,42.3408806051,0 -83.0340847705,42.3407005105,0 -83.0341386317,42.3406773132,0 -83.0341605477,42.3407051971,0 -83.0345442221,42.3405401870,0 -83.0344557845,42.3404278407,0</coordinates></LinearRing></outerBoundaryIs></Polygon></Placemark><Placemark><name>Building OSM 384466576</name><description>Exact active runtime footprint; tagged or estimated height</description><styleUrl>#building</styleUrl><Polygon><altitudeMode>clampToGround</altitudeMode><outerBoundaryIs><LinearRing><coordinates>-83.0337933664,42.3387440035,0 -83.0336814650,42.3387872028,0 -83.0336507605,42.3387590248,0 -83.0336137154,42.3387741108,0 -83.0335166353,42.3386807015,0 -83.0334045008,42.3384850109,0 -83.0336228369,42.3383943070,0 -83.0336074870,42.3383480613,0 -83.0340545865,42.3381562904,0 -83.0342206876,42.3383662883,0 -83.0340357700,42.3384428317,0 -83.0340151937,42.3384146872,0 -83.0337461489,42.3385265166,0 -83.0338584228,42.3386702837,0 -83.0337730372,42.3387068329,0 -83.0337933664,42.3387440035,0</coordinates></LinearRing></outerBoundaryIs></Polygon></Placemark><Placemark><name>Building OSM 881116170</name><description>Exact active runtime footprint; tagged or estimated height</description><styleUrl>#building</styleUrl><Polygon><altitudeMode>clampToGround</altitudeMode><outerBoundaryIs><LinearRing><coordinates>-83.0340985208,42.3427157822,0 -83.0340164743,42.3426110808,0 -83.0337969818,42.3427049752,0 -83.0338790283,42.3428096766,0 -83.0340985208,42.3427157822,0</coordinates></LinearRing></outerBoundaryIs></Polygon></Placemark><Placemark><name>Building OSM 881116171</name><description>Exact active runtime footprint; tagged or estimated height</description><styleUrl>#building</styleUrl><Polygon><altitudeMode>clampToGround</altitudeMode><outerBoundaryIs><LinearRing><coordinates>-83.0350828879,42.3418885918,0 -83.0350000961,42.3417827563,0 -83.0341256432,42.3421567289,0 -83.0342084958,42.3422626421,0 -83.0342825166,42.3422309438,0 -83.0350828879,42.3418885918,0</coordinates></LinearRing></outerBoundaryIs></Polygon></Placemark><Placemark><name>Building OSM 881116177</name><description>Exact active runtime footprint; tagged or estimated height</description><styleUrl>#building</styleUrl><Polygon><altitudeMode>clampToGround</altitudeMode><outerBoundaryIs><LinearRing><coordinates>-83.0351947643,42.3427496005,0 -83.0351172244,42.3426474358,0 -83.0344634942,42.3429265740,0 -83.0345440024,42.3430311022,0 -83.0351947643,42.3427496005,0</coordinates></LinearRing></outerBoundaryIs></Polygon></Placemark><Placemark><name>Building OSM 881116179</name><description>Exact active runtime footprint; tagged or estimated height</description><styleUrl>#building</styleUrl><Polygon><altitudeMode>clampToGround</altitudeMode><outerBoundaryIs><LinearRing><coordinates>-83.0352857949,42.3422039303,0 -83.0351205551,42.3419918014,0 -83.0350012693,42.3420426129,0 -83.0351666143,42.3422546969,0 -83.0352857949,42.3422039303,0</coordinates></LinearRing></outerBoundaryIs></Polygon></Placemark><Placemark><name>Building OSM 59452058</name><description>Exact active runtime footprint; tagged or estimated height</description><styleUrl>#building</styleUrl><Polygon><altitudeMode>clampToGround</altitudeMode><outerBoundaryIs><LinearRing><coordinates>-83.0251217210,42.3363726006,0 -83.0246781910,42.3365439694,0 -83.0250066518,42.3370084019,0 -83.0252541964,42.3369126993,0 -83.0253034813,42.3369129270,0 -83.0253350612,42.3369062937,0 -83.0253583917,42.3368912528,0 -83.0253761815,42.3368696562,0 -83.0253801404,42.3368413083,0 -83.0253728710,42.3368154710,0 -83.0253359339,42.3367809289,0 -83.0253075669,42.3367755068,0 -83.0253860574,42.3367452200,0 -83.0253495136,42.3366933949,0 -83.0253841428,42.3366800662,0 -83.0254341236,42.3366607035,0 -83.0253476612,42.3365384898,0 -83.0253029582,42.3365558072,0 -83.0252623146,42.3365714956,0 -83.0251217210,42.3363726006,0</coordinates></LinearRing></outerBoundaryIs></Polygon></Placemark><Placemark><name>Building OSM 59452062</name><description>Exact active runtime footprint; tagged or estimated height</description><styleUrl>#building</styleUrl><Polygon><altitudeMode>clampToGround</altitudeMode><outerBoundaryIs><LinearRing><coordinates>-83.0257488291,42.3351265665,0 -83.0257074086,42.3350683173,0 -83.0255358923,42.3348325205,0 -83.0250426693,42.3350335020,0 -83.0252533379,42.3353338063,0 -83.0254083985,42.3352696957,0 -83.0252575529,42.3350652187,0 -83.0253716316,42.3350206751,0 -83.0254571588,42.3351427693,0 -83.0255336412,42.3351118874,0 -83.0255926479,42.3351922965,0 -83.0257488291,42.3351265665,0</coordinates></LinearRing></outerBoundaryIs></Polygon></Placemark><Placemark><name>Building OSM 59452069</name><description>Exact active runtime footprint; tagged or estimated height</description><styleUrl>#building</styleUrl><Polygon><altitudeMode>clampToGround</altitudeMode><outerBoundaryIs><LinearRing><coordinates>-83.0248580186,42.3356698554,0 -83.0242640445,42.3359186124,0 -83.0244266774,42.3361308168,0 -83.0247986811,42.3359749372,0 -83.0247897177,42.3359631002,0 -83.0250115220,42.3358701899,0 -83.0248580186,42.3356698554,0</coordinates></LinearRing></outerBoundaryIs></Polygon></Placemark><Placemark><name>Building OSM 59452086</name><description>Exact active runtime footprint; tagged or estimated height</description><styleUrl>#building</styleUrl><Polygon><altitudeMode>clampToGround</altitudeMode><outerBoundaryIs><LinearRing><coordinates>-83.0259821971,42.3346564405,0 -83.0257932677,42.3347325180,0 -83.0258706753,42.3348377473,0 -83.0259411364,42.3349331830,0 -83.0259955821,42.3350070332,0 -83.0261845560,42.3349308329,0 -83.0259821971,42.3346564405,0</coordinates></LinearRing></outerBoundaryIs></Polygon></Placemark><Placemark><name>Jefferson Terminal Warehouse OSM 59452093</name><description>Exact active runtime footprint; tagged or estimated height</description><styleUrl>#building</styleUrl><Polygon><altitudeMode>clampToGround</altitudeMode><outerBoundaryIs><LinearRing><coordinates>-83.0276923508,42.3352341878,0 -83.0271600436,42.3354620171,0 -83.0273328753,42.3357160272,0 -83.0274884707,42.3359609016,0 -83.0280237351,42.3357285945,0 -83.0276923508,42.3352341878,0</coordinates></LinearRing></outerBoundaryIs></Polygon></Placemark><Placemark><name>Building OSM 59452101</name><description>Exact active runtime footprint; tagged or estimated height</description><styleUrl>#building</styleUrl><Polygon><altitudeMode>clampToGround</altitudeMode><outerBoundaryIs><LinearRing><coordinates>-83.0296074845,42.3347273049,0 -83.0294522483,42.3347972992,0 -83.0295083916,42.3348652384,0 -83.0296635226,42.3347952890,0 -83.0296074845,42.3347273049,0</coordinates></LinearRing></outerBoundaryIs></Polygon></Placemark><Placemark><name>Outdoor Adventure Center OSM 59452104</name><description>Exact active runtime footprint; tagged or estimated height</description><styleUrl>#building</styleUrl><Polygon><altitudeMode>clampToGround</altitudeMode><outerBoundaryIs><LinearRing><coordinates>-83.0271540404,42.3330714698,0 -83.0267060643,42.3332303182,0 -83.0270273573,42.3337258167,0 -83.0274753942,42.3335670461,0 -83.0271777576,42.3331081279,0 -83.0271540404,42.3330714698,0</coordinates></LinearRing></outerBoundaryIs></Polygon></Placemark><Placemark><name>Lafayette East OSM 59472816</name><description>Exact active runtime footprint; tagged or estimated height</description><styleUrl>#building</styleUrl><Polygon><altitudeMode>clampToGround</altitudeMode><outerBoundaryIs><LinearRing><coordinates>-83.0323881629,42.3402473674,0 -83.0321844039,42.3403385916,0 -83.0325652054,42.3408301615,0 -83.0327744657,42.3407389750,0 -83.0323881629,42.3402473674,0</coordinates></LinearRing></outerBoundaryIs></Polygon></Placemark><Placemark><name>Building OSM 59584878</name><description>Exact active runtime footprint; tagged or estimated height</description><styleUrl>#building</styleUrl><Polygon><altitudeMode>clampToGround</altitudeMode><outerBoundaryIs><LinearRing><coordinates>-83.0267335787,42.3381514648,0 -83.0267030176,42.3381646130,0 -83.0266991294,42.3381596341,0 -83.0266790305,42.3381682130,0 -83.0266825705,42.3381729256,0 -83.0266214322,42.3381990216,0 -83.0266170579,42.3381934203,0 -83.0265971695,42.3382019093,0 -83.0266015438,42.3382075106,0 -83.0265715534,42.3382203115,0 -83.0266712067,42.3383480975,0 -83.0267009422,42.3383355091,0 -83.0267047534,42.3383402098,0 -83.0267264307,42.3383309572,0 -83.0267228625,42.3383265677,0 -83.0267825884,42.3383011784,0 -83.0267859906,42.3383055350,0 -83.0268067653,42.3382965639,0 -83.0268033631,42.3382922073,0 -83.0268336247,42.3382793944,0 -83.0267335787,42.3381514648,0</coordinates></LinearRing></outerBoundaryIs></Polygon></Placemark><Placemark><name>Building OSM 59584882</name><description>Exact active runtime footprint; tagged or estimated height</description><styleUrl>#building</styleUrl><Polygon><altitudeMode>clampToGround</altitudeMode><outerBoundaryIs><LinearRing><coordinates>-83.0280332875,42.3379677398,0 -83.0278200350,42.3380566887,0 -83.0279160887,42.3381823806,0 -83.0281292197,42.3380932761,0 -83.0280332875,42.3379677398,0</coordinates></LinearRing></outerBoundaryIs></Polygon></Placemark><Placemark><name>Building OSM 59584909</name><description>Exact active runtime footprint; tagged or estimated height</description><styleUrl>#building</styleUrl><Polygon><altitudeMode>clampToGround</altitudeMode><outerBoundaryIs><LinearRing><coordinates>-83.0301828175,42.3370939163,0 -83.0300486566,42.3371573007,0 -83.0304108068,42.3376350487,0 -83.0305584049,42.3375755755,0 -83.0301828175,42.3370939163,0</coordinates></LinearRing></outerBoundaryIs></Polygon></Placemark><Placemark><name>Building OSM 59584910</name><description>Exact active runtime footprint; tagged or estimated height</description><styleUrl>#building</styleUrl><Polygon><altitudeMode>clampToGround</altitudeMode><outerBoundaryIs><LinearRing><coordinates>-83.0304749637,42.3369615424,0 -83.0311205814,42.3366817178,0 -83.0312038342,42.3367865267,0 -83.0305582166,42.3370663513,0 -83.0304749637,42.3369615424,0</coordinates></LinearRing></outerBoundaryIs></Polygon></Placemark><Placemark><name>Building OSM 59584911</name><description>Exact active runtime footprint; tagged or estimated height</description><styleUrl>#building</styleUrl><Polygon><altitudeMode>clampToGround</altitudeMode><outerBoundaryIs><LinearRing><coordinates>-83.0316541688,42.3364562464,0 -83.0315155935,42.3365148765,0 -83.0318921584,42.3370012012,0 -83.0320307338,42.3369425711,0 -83.0316541688,42.3364562464,0</coordinates></LinearRing></outerBoundaryIs></Polygon></Placemark><Placemark><name>Building OSM 59584912</name><description>Exact active runtime footprint; tagged or estimated height</description><styleUrl>#building</styleUrl><Polygon><altitudeMode>clampToGround</altitudeMode><outerBoundaryIs><LinearRing><coordinates>-83.0313976666,42.3370765910,0 -83.0307499389,42.3373538932,0 -83.0308328359,42.3374596837,0 -83.0314805029,42.3371823037,0 -83.0313976666,42.3370765910,0</coordinates></LinearRing></outerBoundaryIs></Polygon></Placemark><Placemark><name>Building OSM 59734753</name><description>Exact active runtime footprint; tagged or estimated height</description><styleUrl>#building</styleUrl><Polygon><altitudeMode>clampToGround</altitudeMode><outerBoundaryIs><LinearRing><coordinates>-83.0334620127,42.3424386406,0 -83.0333430100,42.3424889164,0 -83.0336693030,42.3429112270,0 -83.0337883057,42.3428609512,0 -83.0334620127,42.3424386406,0</coordinates></LinearRing></outerBoundaryIs></Polygon></Placemark><Placemark><name>Building OSM 289957548</name><description>Exact active runtime footprint; tagged or estimated height</description><styleUrl>#building</styleUrl><Polygon><altitudeMode>clampToGround</altitudeMode><outerBoundaryIs><LinearRing><coordinates>-83.0276890966,42.3365706603,0 -83.0275008365,42.3363324674,0 -83.0273469390,42.3363995046,0 -83.0275354214,42.3366370840,0 -83.0276890966,42.3365706603,0</coordinates></LinearRing></outerBoundaryIs></Polygon></Placemark><Placemark><name>Detroit Saturday Night Building OSM 289957549</name><description>Exact active runtime footprint; tagged or estimated height</description><styleUrl>#building</styleUrl><Polygon><altitudeMode>clampToGround</altitudeMode><outerBoundaryIs><LinearRing><coordinates>-83.0277226443,42.3368732302,0 -83.0275354214,42.3366370840,0 -83.0273469390,42.3363995046,0 -83.0271281973,42.3364979537,0 -83.0274933655,42.3369713017,0 -83.0277226443,42.3368732302,0</coordinates></LinearRing></outerBoundaryIs></Polygon></Placemark><Placemark><name>Building OSM 384467121</name><description>Exact active runtime footprint; tagged or estimated height</description><styleUrl>#building</styleUrl><Polygon><altitudeMode>clampToGround</altitudeMode><outerBoundaryIs><LinearRing><coordinates>-83.0337064343,42.3403304948,0 -83.0333325818,42.3398541113,0 -83.0325473679,42.3401907197,0 -83.0329209492,42.3406671152,0 -83.0332447523,42.3405283863,0 -83.0333695827,42.3404747933,0 -83.0337064343,42.3403304948,0</coordinates></LinearRing></outerBoundaryIs></Polygon></Placemark><Placemark><name>Hayes File &amp; Grinding OSM 385727576</name><description>Exact active runtime footprint; tagged or estimated height</description><styleUrl>#building</styleUrl><Polygon><altitudeMode>clampToGround</altitudeMode><outerBoundaryIs><LinearRing><coordinates>-83.0259411364,42.3349331830,0 -83.0258554947,42.3349672484,0 -83.0259207515,42.3350569184,0 -83.0257671347,42.3351180270,0 -83.0257255407,42.3350609928,0 -83.0257074086,42.3350683173,0 -83.0255358923,42.3348325205,0 -83.0257789553,42.3347359301,0 -83.0258568577,42.3348432302,0 -83.0258706753,42.3348377473,0 -83.0259411364,42.3349331830,0</coordinates></LinearRing></outerBoundaryIs></Polygon></Placemark><Placemark><name>Building OSM 444670790</name><description>Exact active runtime footprint; tagged or estimated height</description><styleUrl>#building</styleUrl><Polygon><altitudeMode>clampToGround</altitudeMode><outerBoundaryIs><LinearRing><coordinates>-83.0309012758,42.3364037711,0 -83.0309338119,42.3364457930,0 -83.0307277519,42.3365328129,0 -83.0306953818,42.3364908239,0 -83.0309012758,42.3364037711,0</coordinates></LinearRing></outerBoundaryIs></Polygon></Placemark><Placemark><name>Building OSM 469336099</name><description>Exact active runtime footprint; tagged or estimated height</description><styleUrl>#building</styleUrl><Polygon><altitudeMode>clampToGround</altitudeMode><outerBoundaryIs><LinearRing><coordinates>-83.0307419386,42.3345491825,0 -83.0305473726,42.3342849484,0 -83.0305528119,42.3342822118,0 -83.0305481164,42.3342733246,0 -83.0305572714,42.3342694169,0 -83.0305542901,42.3342648807,0 -83.0307615564,42.3341779682,0 -83.0307655011,42.3341823007,0 -83.0307768985,42.3341778509,0 -83.0307819573,42.3341845084,0 -83.0308211396,42.3341689251,0 -83.0308115925,42.3341552627,0 -83.0309614556,42.3340915034,0 -83.0311418220,42.3343203071,0 -83.0310722252,42.3343508432,0 -83.0310514298,42.3343588896,0 -83.0310239376,42.3343635707,0 -83.0309991194,42.3343643098,0 -83.0309792787,42.3343707039,0 -83.0310141333,42.3344198270,0 -83.0309766554,42.3344356164,0 -83.0309813465,42.3344437794,0 -83.0309705524,42.3344482830,0 -83.0309734686,42.3344520172,0 -83.0307419386,42.3345491825,0</coordinates></LinearRing></outerBoundaryIs></Polygon></Placemark><Placemark><name>Building OSM 490554523</name><description>Exact active runtime footprint; tagged or estimated height</description><styleUrl>#building</styleUrl><Polygon><altitudeMode>clampToGround</altitudeMode><outerBoundaryIs><LinearRing><coordinates>-83.0308637133,42.3378493839,0 -83.0303679337,42.3380638003,0 -83.0307480015,42.3385436509,0 -83.0312435706,42.3383293244,0 -83.0308637133,42.3378493839,0</coordinates></LinearRing></outerBoundaryIs></Polygon></Placemark><Placemark><name>Building OSM 490554524</name><description>Exact active runtime footprint; tagged or estimated height</description><styleUrl>#building</styleUrl><Polygon><altitudeMode>clampToGround</altitudeMode><outerBoundaryIs><LinearRing><coordinates>-83.0322685320,42.3372980965,0 -83.0317069003,42.3375341896,0 -83.0318753004,42.3377530604,0 -83.0320494885,42.3379795223,0 -83.0326111202,42.3377434291,0 -83.0322685320,42.3372980965,0</coordinates></LinearRing></outerBoundaryIs></Polygon></Placemark><Placemark><name>Building OSM 512623768</name><description>Exact active runtime footprint; tagged or estimated height</description><styleUrl>#building</styleUrl><Polygon><altitudeMode>clampToGround</altitudeMode><outerBoundaryIs><LinearRing><coordinates>-83.0273328753,42.3357160272,0 -83.0271451595,42.3357809027,0 -83.0273121917,42.3360379069,0 -83.0274884707,42.3359609016,0 -83.0273328753,42.3357160272,0</coordinates></LinearRing></outerBoundaryIs></Polygon></Placemark><Placemark><name>Building OSM 631397221</name><description>Exact active runtime footprint; tagged or estimated height</description><styleUrl>#building</styleUrl><Polygon><altitudeMode>clampToGround</altitudeMode><outerBoundaryIs><LinearRing><coordinates>-83.0267769024,42.3318794167,0 -83.0267477363,42.3318889614,0 -83.0267088108,42.3318245645,0 -83.0267380213,42.3318148971,0 -83.0267769024,42.3318794167,0</coordinates></LinearRing></outerBoundaryIs></Polygon></Placemark><Placemark><name>Building OSM 653692286</name><description>Exact active runtime footprint; tagged or estimated height</description><styleUrl>#building</styleUrl><Polygon><altitudeMode>clampToGround</altitudeMode><outerBoundaryIs><LinearRing><coordinates>-83.0330998043,42.3388382885,0 -83.0327225929,42.3383547292,0 -83.0329585337,42.3382542291,0 -83.0333356844,42.3387377105,0 -83.0330998043,42.3388382885,0</coordinates></LinearRing></outerBoundaryIs></Polygon></Placemark><Placemark><name>Building OSM 653692288</name><description>Exact active runtime footprint; tagged or estimated height</description><styleUrl>#building</styleUrl><Polygon><altitudeMode>clampToGround</altitudeMode><outerBoundaryIs><LinearRing><coordinates>-83.0329327769,42.3389098927,0 -83.0320274560,42.3392985967,0 -83.0318544810,42.3390783594,0 -83.0327596967,42.3386897003,0 -83.0329327769,42.3389098927,0</coordinates></LinearRing></outerBoundaryIs></Polygon></Placemark><Placemark><name>Maxey Ford OSM 708951372</name><description>Exact active runtime footprint; tagged or estimated height</description><styleUrl>#building</styleUrl><Polygon><altitudeMode>clampToGround</altitudeMode><outerBoundaryIs><LinearRing><coordinates>-83.0289620471,42.3363382982,0 -83.0294135087,42.3361425908,0 -83.0292894334,42.3359862272,0 -83.0291637937,42.3360405806,0 -83.0290921124,42.3359502298,0 -83.0294519679,42.3357942453,0 -83.0293421980,42.3356558406,0 -83.0286565042,42.3359529785,0 -83.0289620471,42.3363382982,0</coordinates></LinearRing></outerBoundaryIs></Polygon></Placemark><Placemark><name>Maxey Ford Body Shop OSM 708951373</name><description>Exact active runtime footprint; tagged or estimated height</description><styleUrl>#building</styleUrl><Polygon><altitudeMode>clampToGround</altitudeMode><outerBoundaryIs><LinearRing><coordinates>-83.0301274441,42.3356548825,0 -83.0304305539,42.3355261272,0 -83.0302884615,42.3353436385,0 -83.0298297606,42.3355360048,0 -83.0298486226,42.3355597983,0 -83.0297896409,42.3355836253,0 -83.0298646582,42.3356748343,0 -83.0300766209,42.3355894440,0 -83.0301274441,42.3356548825,0</coordinates></LinearRing></outerBoundaryIs></Polygon></Placemark><Placemark><name>Building OSM 881116172</name><description>Exact active runtime footprint; tagged or estimated height</description><styleUrl>#building</styleUrl><Polygon><altitudeMode>clampToGround</altitudeMode><outerBoundaryIs><LinearRing><coordinates>-83.0338668099,42.3423675128,0 -83.0337993119,42.3422810814,0 -83.0335129217,42.3424032188,0 -83.0335802537,42.3424896173,0 -83.0338668099,42.3423675128,0</coordinates></LinearRing></outerBoundaryIs></Polygon></Placemark><Placemark><name>Building OSM 881318335</name><description>Exact active runtime footprint; tagged or estimated height</description><styleUrl>#building</styleUrl><Polygon><altitudeMode>clampToGround</altitudeMode><outerBoundaryIs><LinearRing><coordinates>-83.0309522372,42.3361343165,0 -83.0308641196,42.3360225597,0 -83.0307508807,42.3360714126,0 -83.0307454129,42.3360644109,0 -83.0306288066,42.3361147011,0 -83.0306224763,42.3361071340,0 -83.0305043317,42.3361572510,0 -83.0304985482,42.3361503841,0 -83.0303710957,42.3362065485,0 -83.0304607072,42.3363186012,0 -83.0305759899,42.3362687723,0 -83.0305801819,42.3362741402,0 -83.0307049960,42.3362203466,0 -83.0307110715,42.3362281262,0 -83.0308312999,42.3361761862,0 -83.0308373146,42.3361838880,0 -83.0309522372,42.3361343165,0</coordinates></LinearRing></outerBoundaryIs></Polygon></Placemark><Placemark><name>Building OSM 881318336</name><description>Exact active runtime footprint; tagged or estimated height</description><styleUrl>#building</styleUrl><Polygon><altitudeMode>clampToGround</altitudeMode><outerBoundaryIs><LinearRing><coordinates>-83.0303357846,42.3362342754,0 -83.0302151666,42.3362840996,0 -83.0302200432,42.3362905238,0 -83.0300997853,42.3363400906,0 -83.0301841948,42.3364517704,0 -83.0303064076,42.3364014730,0 -83.0303006804,42.3363939596,0 -83.0304194043,42.3363449439,0 -83.0303357846,42.3362342754,0</coordinates></LinearRing></outerBoundaryIs></Polygon></Placemark><Placemark><name>Building OSM 881318337</name><description>Exact active runtime footprint; tagged or estimated height</description><styleUrl>#building</styleUrl><Polygon><altitudeMode>clampToGround</altitudeMode><outerBoundaryIs><LinearRing><coordinates>-83.0295685697,42.3367516750,0 -83.0294835201,42.3366388161,0 -83.0295980348,42.3365915970,0 -83.0295926722,42.3365845504,0 -83.0297106150,42.3365359718,0 -83.0297049160,42.3365281352,0 -83.0298235910,42.3364785179,0 -83.0298184833,42.3364712588,0 -83.0299486860,42.3364187957,0 -83.0300335620,42.3365328696,0 -83.0299168820,42.3365809093,0 -83.0299209688,42.3365863221,0 -83.0297946966,42.3366382486,0 -83.0298005615,42.3366461181,0 -83.0296790409,42.3366962238,0 -83.0296848896,42.3367038928,0 -83.0295685697,42.3367516750,0</coordinates></LinearRing></outerBoundaryIs></Polygon></Placemark><Placemark><name>Building OSM 881318338</name><description>Exact active runtime footprint; tagged or estimated height</description><styleUrl>#building</styleUrl><Polygon><altitudeMode>clampToGround</altitudeMode><outerBoundaryIs><LinearRing><coordinates>-83.0313785824,42.3359423799,0 -83.0312901892,42.3358299109,0 -83.0311714622,42.3358808989,0 -83.0311650222,42.3358726525,0 -83.0310456193,42.3359240326,0 -83.0310400461,42.3359170759,0 -83.0309191092,42.3359690071,0 -83.0310058783,42.3360795761,0 -83.0311241844,42.3360287678,0 -83.0311304866,42.3360366581,0 -83.0312405404,42.3359894759,0 -83.0312476487,42.3359985780,0 -83.0313785824,42.3359423799,0</coordinates></LinearRing></outerBoundaryIs></Polygon></Placemark><Placemark><name>Building OSM 881318339</name><description>Exact active runtime footprint; tagged or estimated height</description><styleUrl>#building</styleUrl><Polygon><altitudeMode>clampToGround</altitudeMode><outerBoundaryIs><LinearRing><coordinates>-83.0312150698,42.3363248090,0 -83.0311453759,42.3362341284,0 -83.0311330477,42.3362391831,0 -83.0310669221,42.3361528920,0 -83.0308997644,42.3362228921,0 -83.0309669837,42.3363105835,0 -83.0309776118,42.3363060471,0 -83.0310462284,42.3363955278,0 -83.0312150698,42.3363248090,0</coordinates></LinearRing></outerBoundaryIs></Polygon></Placemark><Placemark><name>Building OSM 881318340</name><description>Exact active runtime footprint; tagged or estimated height</description><styleUrl>#building</styleUrl><Polygon><altitudeMode>clampToGround</altitudeMode><outerBoundaryIs><LinearRing><coordinates>-83.0314906321,42.3362040777,0 -83.0314193793,42.3361122992,0 -83.0314266401,42.3361092000,0 -83.0313565579,42.3360191002,0 -83.0311883685,42.3360904742,0 -83.0312531652,42.3361738058,0 -83.0312427919,42.3361781297,0 -83.0313195571,42.3362767871,0 -83.0314906321,42.3362040777,0</coordinates></LinearRing></outerBoundaryIs></Polygon></Placemark><Placemark><name>Building OSM 881318345</name><description>Exact active runtime footprint; tagged or estimated height</description><styleUrl>#building</styleUrl><Polygon><altitudeMode>clampToGround</altitudeMode><outerBoundaryIs><LinearRing><coordinates>-83.0305969755,42.3365875955,0 -83.0305273586,42.3364971933,0 -83.0305352063,42.3364939473,0 -83.0304656502,42.3364036229,0 -83.0302995167,42.3364734971,0 -83.0303683437,42.3365628880,0 -83.0303598201,42.3365665261,0 -83.0304301053,42.3366577841,0 -83.0305969755,42.3365875955,0</coordinates></LinearRing></outerBoundaryIs></Polygon></Placemark><Placemark><name>Building OSM 882468175</name><description>Exact active runtime footprint; tagged or estimated height</description><styleUrl>#building</styleUrl><Polygon><altitudeMode>clampToGround</altitudeMode><outerBoundaryIs><LinearRing><coordinates>-83.0288659685,42.3415810615,0 -83.0288120795,42.3415120564,0 -83.0287583516,42.3415348856,0 -83.0287490562,42.3415229828,0 -83.0287544229,42.3415206921,0 -83.0287213119,42.3414782933,0 -83.0286151798,42.3415234903,0 -83.0286502957,42.3415684565,0 -83.0286560834,42.3415659861,0 -83.0286615350,42.3415727872,0 -83.0285794559,42.3416078214,0 -83.0285756892,42.3416029980,0 -83.0285802140,42.3416010666,0 -83.0285428502,42.3415532221,0 -83.0284357102,42.3415987456,0 -83.0284712070,42.3416443790,0 -83.0284768894,42.3416419536,0 -83.0284824951,42.3416493113,0 -83.0283948226,42.3416865255,0 -83.0283571994,42.3416381692,0 -83.0282701584,42.3416751139,0 -83.0282868050,42.3416964300,0 -83.0281438156,42.3417603672,0 -83.0281631974,42.3417878805,0 -83.0280691623,42.3418271881,0 -83.0281245225,42.3419002330,0 -83.0282251382,42.3418574942,0 -83.0282303186,42.3418643074,0 -83.0282876242,42.3418399511,0 -83.0282622734,42.3418073097,0 -83.0282563556,42.3418081760,0 -83.0282526495,42.3418034304,0 -83.0283291514,42.3417707768,0 -83.0283342548,42.3417773117,0 -83.0283307377,42.3417789166,0 -83.0283543104,42.3418091014,0 -83.0284112395,42.3417848021,0 -83.0284054516,42.3417772110,0 -83.0288659685,42.3415810615,0</coordinates></LinearRing></outerBoundaryIs></Polygon></Placemark><Placemark><name>Building OSM 882468178</name><description>Exact active runtime footprint; tagged or estimated height</description><styleUrl>#building</styleUrl><Polygon><altitudeMode>clampToGround</altitudeMode><outerBoundaryIs><LinearRing><coordinates>-83.0293960574,42.3422310959,0 -83.0293128961,42.3421039464,0 -83.0292613726,42.3421224117,0 -83.0292920245,42.3421693869,0 -83.0292330416,42.3421905175,0 -83.0292028920,42.3421443651,0 -83.0291114246,42.3421770791,0 -83.0291423195,42.3422243655,0 -83.0290828104,42.3422457207,0 -83.0290511865,42.3421975006,0 -83.0289577034,42.3422308676,0 -83.0289879137,42.3422770977,0 -83.0289343746,42.3422962159,0 -83.0289013370,42.3422460061,0 -83.0287980188,42.3422829486,0 -83.0288292619,42.3423305013,0 -83.0287800090,42.3423481011,0 -83.0287485065,42.3423000367,0 -83.0286378341,42.3423395996,0 -83.0286693366,42.3423876640,0 -83.0286360102,42.3423996068,0 -83.0286905897,42.3424831503,0 -83.0293960574,42.3422310959,0</coordinates></LinearRing></outerBoundaryIs></Polygon></Placemark><Placemark><name>Building OSM 882468179</name><description>Exact active runtime footprint; tagged or estimated height</description><styleUrl>#building</styleUrl><Polygon><altitudeMode>clampToGround</altitudeMode><outerBoundaryIs><LinearRing><coordinates>-83.0291214796,42.3418121249,0 -83.0292046409,42.3419392743,0 -83.0291531174,42.3419577396,0 -83.0291222996,42.3419107314,0 -83.0290632559,42.3419317842,0 -83.0290934055,42.3419779366,0 -83.0290018165,42.3420104950,0 -83.0289709217,42.3419632085,0 -83.0289113519,42.3419844858,0 -83.0289428706,42.3420327508,0 -83.0288492215,42.3420660848,0 -83.0288191772,42.3420198875,0 -83.0287654276,42.3420390954,0 -83.0287982992,42.3420892724,0 -83.0286949809,42.3421262149,0 -83.0286638430,42.3420786173,0 -83.0286146953,42.3420961722,0 -83.0286460925,42.3421442815,0 -83.0285353593,42.3421837666,0 -83.0285039014,42.3421355795,0 -83.0284705750,42.3421475223,0 -83.0284159956,42.3420639788,0 -83.0291214796,42.3418121249,0</coordinates></LinearRing></outerBoundaryIs></Polygon></Placemark><Placemark><name>Mobil Mart OSM 888251171</name><description>Exact active runtime footprint; tagged or estimated height</description><styleUrl>#building</styleUrl><Polygon><altitudeMode>clampToGround</altitudeMode><outerBoundaryIs><LinearRing><coordinates>-83.0265057030,42.3361728207,0 -83.0264426281,42.3360925921,0 -83.0262327441,42.3361828002,0 -83.0262956530,42.3362629959,0 -83.0265057030,42.3361728207,0</coordinates></LinearRing></outerBoundaryIs></Polygon></Placemark><Placemark><name>Building OSM 888251172</name><description>Exact active runtime footprint; tagged or estimated height</description><styleUrl>#building</styleUrl><Polygon><altitudeMode>clampToGround</altitudeMode><outerBoundaryIs><LinearRing><coordinates>-83.0266925430,42.3362352821,0 -83.0266464217,42.3361747865,0 -83.0265792809,42.3362027184,0 -83.0265037663,42.3362341208,0 -83.0264136084,42.3362715660,0 -83.0263249238,42.3363083823,0 -83.0263710450,42.3363688780,0 -83.0264626761,42.3363308040,0 -83.0265512555,42.3362940325,0 -83.0266265597,42.3362627200,0 -83.0266925430,42.3362352821,0</coordinates></LinearRing></outerBoundaryIs></Polygon></Placemark><Placemark><name>Building OSM 890842314</name><description>Exact active runtime footprint; tagged or estimated height</description><styleUrl>#building</styleUrl><Polygon><altitudeMode>clampToGround</altitudeMode><outerBoundaryIs><LinearRing><coordinates>-83.0311221351,42.3416016017,0 -83.0310973124,42.3415640670,0 -83.0311138704,42.3415581405,0 -83.0310863257,42.3415165813,0 -83.0310700997,42.3415225736,0 -83.0310665716,42.3415173372,0 -83.0310711735,42.3415156841,0 -83.0310413158,42.3414704444,0 -83.0308977423,42.3415224947,0 -83.0309273407,42.3415672227,0 -83.0309313557,42.3415657164,0 -83.0309339118,42.3415697081,0 -83.0308691250,42.3415931084,0 -83.0308662814,42.3415889283,0 -83.0308703572,42.3415874998,0 -83.0308397704,42.3415413266,0 -83.0307331456,42.3415797842,0 -83.0307630478,42.3416249012,0 -83.0307674837,42.3416232152,0 -83.0307709510,42.3416283738,0 -83.0307034728,42.3416528193,0 -83.0306991993,42.3416464488,0 -83.0307033195,42.3416448976,0 -83.0306743287,42.3416009476,0 -83.0305735240,42.3416373359,0 -83.0306030009,42.3416819083,0 -83.0306062793,42.3416807164,0 -83.0306099007,42.3416864316,0 -83.0305494002,42.3417083137,0 -83.0305457950,42.3417027990,0 -83.0305488630,42.3417016969,0 -83.0305209982,42.3416595482,0 -83.0304244190,42.3416943404,0 -83.0304516599,42.3417355106,0 -83.0304556305,42.3417341271,0 -83.0304599809,42.3417407758,0 -83.0304207899,42.3417549107,0 -83.0304790591,42.3418429992,0 -83.0310473994,42.3416372356,0 -83.0310429719,42.3416303085,0 -83.0311221351,42.3416016017,0</coordinates></LinearRing></outerBoundaryIs></Polygon></Placemark><Placemark><name>Building OSM 890842315</name><description>Exact active runtime footprint; tagged or estimated height</description><styleUrl>#building</styleUrl><Polygon><altitudeMode>clampToGround</altitudeMode><outerBoundaryIs><LinearRing><coordinates>-83.0308424327,42.3411925976,0 -83.0308674050,42.3412299646,0 -83.0308839630,42.3412240381,0 -83.0309115521,42.3412654746,0 -83.0308951601,42.3412714340,0 -83.0308986275,42.3412765926,0 -83.0309032902,42.3412750173,0 -83.0309333420,42.3413199667,0 -83.0307897848,42.3413722175,0 -83.0307601420,42.3413276122,0 -83.0307641570,42.3413261059,0 -83.0307614957,42.3413221591,0 -83.0306967252,42.3413457600,0 -83.0306995079,42.3413498624,0 -83.0307034785,42.3413484788,0 -83.0307343202,42.3413944395,0 -83.0306279546,42.3414334088,0 -83.0305978420,42.3413883817,0 -83.0306024439,42.3413867286,0 -83.0305989158,42.3413814922,0 -83.0305315590,42.3414060933,0 -83.0305358324,42.3414124637,0 -83.0305397422,42.3414110024,0 -83.0305691540,42.3414547727,0 -83.0304687583,42.3414915051,0 -83.0304389050,42.3414469896,0 -83.0304420782,42.3414458427,0 -83.0304382463,42.3414402173,0 -83.0303779724,42.3414622100,0 -83.0303815776,42.3414677247,0 -83.0303846455,42.3414666227,0 -83.0304126599,42.3415086037,0 -83.0303162793,42.3415438298,0 -83.0302889332,42.3415027045,0 -83.0302927822,42.3415011653,0 -83.0302883872,42.3414946393,0 -83.0302493622,42.3415088070,0 -83.0301908380,42.3414209310,0 -83.0307586316,42.3412144672,0 -83.0307632251,42.3412214272,0 -83.0308424327,42.3411925976,0</coordinates></LinearRing></outerBoundaryIs></Polygon></Placemark><Placemark><name>Building OSM 898584293</name><description>Exact active runtime footprint; tagged or estimated height</description><styleUrl>#building</styleUrl><Polygon><altitudeMode>clampToGround</altitudeMode><outerBoundaryIs><LinearRing><coordinates>-83.0250264527,42.3354439259,0 -83.0248109091,42.3351224673,0 -83.0244758136,42.3352555396,0 -83.0246906359,42.3355848782,0 -83.0250264527,42.3354439259,0</coordinates></LinearRing></outerBoundaryIs></Polygon></Placemark><Placemark><name>Building OSM 898584294</name><description>Exact active runtime footprint; tagged or estimated height</description><styleUrl>#building</styleUrl><Polygon><altitudeMode>clampToGround</altitudeMode><outerBoundaryIs><LinearRing><coordinates>-83.0244758136,42.3352555396,0 -83.0244673306,42.3352409043,0 -83.0242916340,42.3353069770,0 -83.0240424823,42.3349356559,0 -83.0237569142,42.3351242432,0 -83.0238691446,42.3352983175,0 -83.0237145089,42.3353529112,0 -83.0237510659,42.3354069089,0 -83.0240574310,42.3358586785,0 -83.0246906359,42.3355848782,0 -83.0244758136,42.3352555396,0</coordinates></LinearRing></outerBoundaryIs></Polygon></Placemark><Placemark><name>Building OSM 902130334</name><description>Exact active runtime footprint; tagged or estimated height</description><styleUrl>#building</styleUrl><Polygon><altitudeMode>clampToGround</altitudeMode><outerBoundaryIs><LinearRing><coordinates>-83.0319310239,42.3380290497,0 -83.0317549949,42.3378047221,0 -83.0315805292,42.3375822166,0 -83.0310430375,42.3378125700,0 -83.0312660741,42.3380969113,0 -83.0312375569,42.3381090834,0 -83.0313649705,42.3382716980,0 -83.0319310239,42.3380290497,0</coordinates></LinearRing></outerBoundaryIs></Polygon></Placemark><Placemark><name>Building OSM 902130336</name><description>Exact active runtime footprint; tagged or estimated height</description><styleUrl>#building</styleUrl><Polygon><altitudeMode>clampToGround</altitudeMode><outerBoundaryIs><LinearRing><coordinates>-83.0274593385,42.3380004933,0 -83.0274061178,42.3379323439,0 -83.0274122818,42.3379298166,0 -83.0273535487,42.3378547884,0 -83.0273478219,42.3378573365,0 -83.0272671564,42.3377542239,0 -83.0271533589,42.3378029004,0 -83.0272385038,42.3379115694,0 -83.0272448176,42.3379088744,0 -83.0272961550,42.3379746121,0 -83.0272893150,42.3379775316,0 -83.0273454357,42.3380492146,0 -83.0274593385,42.3380004933,0</coordinates></LinearRing></outerBoundaryIs></Polygon></Placemark><Placemark><name>Building OSM 902130339</name><description>Exact active runtime footprint; tagged or estimated height</description><styleUrl>#building</styleUrl><Polygon><altitudeMode>clampToGround</altitudeMode><outerBoundaryIs><LinearRing><coordinates>-83.0276684438,42.3374957055,0 -83.0275693946,42.3375382942,0 -83.0275652633,42.3375330041,0 -83.0273827834,42.3376114114,0 -83.0273867162,42.3376162676,0 -83.0272890957,42.3376583503,0 -83.0272850859,42.3376532158,0 -83.0271965597,42.3376913130,0 -83.0272001887,42.3376957802,0 -83.0271035153,42.3377374586,0 -83.0270376783,42.3376540525,0 -83.0271296608,42.3376142726,0 -83.0271263801,42.3376100716,0 -83.0272253241,42.3375675277,0 -83.0272292568,42.3375723840,0 -83.0273177385,42.3375344095,0 -83.0273142918,42.3375301756,0 -83.0275097150,42.3374462437,0 -83.0275124652,42.3374499450,0 -83.0276022097,42.3374114315,0 -83.0276684438,42.3374957055,0</coordinates></LinearRing></outerBoundaryIs></Polygon></Placemark><Placemark><name>Building OSM 902130341</name><description>Exact active runtime footprint; tagged or estimated height</description><styleUrl>#building</styleUrl><Polygon><altitudeMode>clampToGround</altitudeMode><outerBoundaryIs><LinearRing><coordinates>-83.0266100847,42.3379915338,0 -83.0265794629,42.3380046042,0 -83.0265755746,42.3379996253,0 -83.0265553705,42.3380082491,0 -83.0265591210,42.3380128719,0 -83.0264979382,42.3380390906,0 -83.0264934587,42.3380335342,0 -83.0264735703,42.3380420232,0 -83.0264780498,42.3380475796,0 -83.0264479542,42.3380604254,0 -83.0265477127,42.3381881665,0 -83.0265774927,42.3381754554,0 -83.0265811542,42.3381803237,0 -83.0266028922,42.3381711489,0 -83.0265994293,42.3381667145,0 -83.0266590944,42.3381412474,0 -83.0266625411,42.3381454813,0 -83.0266832713,42.3381366329,0 -83.0266798691,42.3381322763,0 -83.0267100699,42.3381193855,0 -83.0266100847,42.3379915338,0</coordinates></LinearRing></outerBoundaryIs></Polygon></Placemark><Placemark><name>Building OSM 902130342</name><description>Exact active runtime footprint; tagged or estimated height</description><styleUrl>#building</styleUrl><Polygon><altitudeMode>clampToGround</altitudeMode><outerBoundaryIs><LinearRing><coordinates>-83.0270889039,42.3385545374,0 -83.0269919877,42.3384282800,0 -83.0267767684,42.3385184833,0 -83.0268737453,42.3386448185,0 -83.0270889039,42.3385545374,0</coordinates></LinearRing></outerBoundaryIs></Polygon></Placemark><Placemark><name>Building OSM 902130344</name><description>Exact active runtime footprint; tagged or estimated height</description><styleUrl>#building</styleUrl><Polygon><altitudeMode>clampToGround</altitudeMode><outerBoundaryIs><LinearRing><coordinates>-83.0276943519,42.3375533150,0 -83.0276637301,42.3375663854,0 -83.0276598418,42.3375614064,0 -83.0276397430,42.3375699853,0 -83.0276432830,42.3375746980,0 -83.0275821447,42.3376007939,0 -83.0275776651,42.3375952375,0 -83.0275577767,42.3376037266,0 -83.0275622118,42.3376094057,0 -83.0275322214,42.3376222066,0 -83.0276320407,42.3377500255,0 -83.0276616547,42.3377372815,0 -83.0276654214,42.3377421049,0 -83.0276870987,42.3377328523,0 -83.0276836965,42.3377284957,0 -83.0277433008,42.3377029508,0 -83.0277467031,42.3377073073,0 -83.0277675385,42.3376984141,0 -83.0277641363,42.3376940575,0 -83.0277943372,42.3376811667,0 -83.0276943519,42.3375533150,0</coordinates></LinearRing></outerBoundaryIs></Polygon></Placemark><Placemark><name>Building OSM 902149386</name><description>Exact active runtime footprint; tagged or estimated height</description><styleUrl>#building</styleUrl><Polygon><altitudeMode>clampToGround</altitudeMode><outerBoundaryIs><LinearRing><coordinates>-83.0286576407,42.3390419293,0 -83.0286270190,42.3390549998,0 -83.0286229647,42.3390499879,0 -83.0286028659,42.3390585668,0 -83.0286065719,42.3390633124,0 -83.0285454335,42.3390894083,0 -83.0285410592,42.3390838070,0 -83.0285210656,42.3390923409,0 -83.0285255007,42.3390980201,0 -83.0284953443,42.3391107881,0 -83.0285951636,42.3392386070,0 -83.0286249435,42.3392258959,0 -83.0286287103,42.3392307192,0 -83.0286503268,42.3392213888,0 -83.0286468801,42.3392171550,0 -83.0287065897,42.3391915651,0 -83.0287098260,42.3391958888,0 -83.0287308274,42.3391870284,0 -83.0287274252,42.3391826719,0 -83.0287576260,42.3391697811,0 -83.0286576407,42.3390419293,0</coordinates></LinearRing></outerBoundaryIs></Polygon></Placemark><Placemark><name>Building OSM 902155636</name><description>Exact active runtime footprint; tagged or estimated height</description><styleUrl>#building</styleUrl><Polygon><altitudeMode>clampToGround</altitudeMode><outerBoundaryIs><LinearRing><coordinates>-83.0256617486,42.3356048908,0 -83.0254949932,42.3353888448,0 -83.0257026317,42.3353011511,0 -83.0257570274,42.3353717033,0 -83.0257068166,42.3353929275,0 -83.0258190266,42.3355385890,0 -83.0256617486,42.3356048908,0</coordinates></LinearRing></outerBoundaryIs></Polygon></Placemark><Placemark><name>St. John&#x27;s Presbyterian Church OSM 904207589</name><description>Exact active runtime footprint; tagged or estimated height</description><styleUrl>#building</styleUrl><Polygon><altitudeMode>clampToGround</altitudeMode><outerBoundaryIs><LinearRing><coordinates>-83.0291106941,42.3402490866,0 -83.0291884750,42.3402160945,0 -83.0292089818,42.3402427128,0 -83.0293092373,42.3402002315,0 -83.0292863167,42.3401707019,0 -83.0293421491,42.3401469744,0 -83.0292533176,42.3400317882,0 -83.0292448710,42.3400357046,0 -83.0292328417,42.3400203010,0 -83.0292422960,42.3400160581,0 -83.0293414479,42.3399955196,0 -83.0293530952,42.3400075595,0 -83.0294518826,42.3399865542,0 -83.0294431967,42.3399707608,0 -83.0294710653,42.3399284732,0 -83.0294572221,42.3399121842,0 -83.0295076557,42.3398729198,0 -83.0294964051,42.3398516862,0 -83.0294783201,42.3398367928,0 -83.0294101875,42.3398551902,0 -83.0293939498,42.3398342181,0 -83.0293339128,42.3398329784,0 -83.0293245805,42.3398199504,0 -83.0292402141,42.3398730760,0 -83.0292473473,42.3398838271,0 -83.0291772206,42.3399339865,0 -83.0291704371,42.3399362596,0 -83.0291561805,42.3399189023,0 -83.0291635347,42.3399162819,0 -83.0290736020,42.3398009433,0 -83.0290571862,42.3398079501,0 -83.0290385184,42.3397838662,0 -83.0289737415,42.3398114115,0 -83.0289781158,42.3398170128,0 -83.0289685399,42.3398211001,0 -83.0289589407,42.3398088084,0 -83.0288937429,42.3398365333,0 -83.0289172103,42.3398667631,0 -83.0288397007,42.3398997431,0 -83.0289616107,42.3400569272,0 -83.0289745289,42.3400497536,0 -83.0289754728,42.3400513216,0 -83.0289645714,42.3400605387,0 -83.0289508005,42.3400712918,0 -83.0289657461,42.3400904296,0 -83.0289851671,42.3400869116,0 -83.0290035802,42.3400837200,0 -83.0290058162,42.3400871221,0 -83.0289892289,42.3400906754,0 -83.0291106941,42.3402490866,0</coordinates></LinearRing></outerBoundaryIs></Polygon></Placemark><Placemark><name>Building OSM 948815827</name><description>Exact active runtime footprint; tagged or estimated height</description><styleUrl>#building</styleUrl><Polygon><altitudeMode>clampToGround</altitudeMode><outerBoundaryIs><LinearRing><coordinates>-83.0273108270,42.3346076648,0 -83.0267627103,42.3348405825,0 -83.0263834154,42.3350045531,0 -83.0265537356,42.3352168993,0 -83.0265808113,42.3352506716,0 -83.0266039737,42.3352402664,0 -83.0267436360,42.3351769196,0 -83.0267365678,42.3351669705,0 -83.0269222340,42.3350895889,0 -83.0270861610,42.3353365084,0 -83.0276285898,42.3351025955,0 -83.0273108270,42.3346076648,0</coordinates></LinearRing></outerBoundaryIs></Polygon></Placemark><Placemark><name>Building OSM 948815828</name><description>Exact active runtime footprint; tagged or estimated height</description><styleUrl>#building</styleUrl><Polygon><altitudeMode>clampToGround</altitudeMode><outerBoundaryIs><LinearRing><coordinates>-83.0263834154,42.3350045531,0 -83.0259892126,42.3351706341,0 -83.0261683374,42.3353834750,0 -83.0262115542,42.3353646137,0 -83.0264196667,42.3356233768,0 -83.0265031832,42.3355892850,0 -83.0262973651,42.3353286090,0 -83.0265537356,42.3352168993,0 -83.0263834154,42.3350045531,0</coordinates></LinearRing></outerBoundaryIs></Polygon></Placemark><Placemark><name>Building OSM 948815829</name><description>Exact active runtime footprint; tagged or estimated height</description><styleUrl>#building</styleUrl><Polygon><altitudeMode>clampToGround</altitudeMode><outerBoundaryIs><LinearRing><coordinates>-83.0269222340,42.3350895889,0 -83.0267365678,42.3351669705,0 -83.0267436360,42.3351769196,0 -83.0266039737,42.3352402664,0 -83.0267846654,42.3354630188,0 -83.0270861610,42.3353365084,0 -83.0269222340,42.3350895889,0</coordinates></LinearRing></outerBoundaryIs></Polygon></Placemark><Placemark><name>Building OSM 948815830</name><description>Exact active runtime footprint; tagged or estimated height</description><styleUrl>#building</styleUrl><Polygon><altitudeMode>clampToGround</altitudeMode><outerBoundaryIs><LinearRing><coordinates>-83.0255032411,42.3357298051,0 -83.0256422755,42.3356748171,0 -83.0257180678,42.3357795948,0 -83.0255790334,42.3358345828,0 -83.0255032411,42.3357298051,0</coordinates></LinearRing></outerBoundaryIs></Polygon></Placemark><Placemark><name>Building OSM 948815831</name><description>Exact active runtime footprint; tagged or estimated height</description><styleUrl>#building</styleUrl><Polygon><altitudeMode>clampToGround</altitudeMode><outerBoundaryIs><LinearRing><coordinates>-83.0265014006,42.3358288278,0 -83.0264387684,42.3358546278,0 -83.0263907888,42.3357933695,0 -83.0264555049,42.3357657464,0 -83.0265014006,42.3358288278,0</coordinates></LinearRing></outerBoundaryIs></Polygon></Placemark><Placemark><name>Building OSM 948815832</name><description>Exact active runtime footprint; tagged or estimated height</description><styleUrl>#building</styleUrl><Polygon><altitudeMode>clampToGround</altitudeMode><outerBoundaryIs><LinearRing><coordinates>-83.0263907888,42.3357933695,0 -83.0262623198,42.3358484119,0 -83.0263109677,42.3359105260,0 -83.0263916343,42.3358761985,0 -83.0264387684,42.3358546278,0 -83.0263907888,42.3357933695,0</coordinates></LinearRing></outerBoundaryIs></Polygon></Placemark><Placemark><name>Building OSM 948815833</name><description>Exact active runtime footprint; tagged or estimated height</description><styleUrl>#building</styleUrl><Polygon><altitudeMode>clampToGround</altitudeMode><outerBoundaryIs><LinearRing><coordinates>-83.0262773938,42.3359489214,0 -83.0262636145,42.3359307380,0 -83.0262172741,42.3358688837,0 -83.0260367880,42.3359430169,0 -83.0260968470,42.3360229769,0 -83.0262773938,42.3359489214,0</coordinates></LinearRing></outerBoundaryIs></Polygon></Placemark><Placemark><name>The Manchester OSM 948815834</name><description>Exact active runtime footprint; tagged or estimated height</description><styleUrl>#building</styleUrl><Polygon><altitudeMode>clampToGround</altitudeMode><outerBoundaryIs><LinearRing><coordinates>-83.0262100040,42.3364485072,0 -83.0261568426,42.3363676778,0 -83.0260840095,42.3363938902,0 -83.0260727080,42.3363767237,0 -83.0261436914,42.3363511971,0 -83.0260918991,42.3362724801,0 -83.0260152615,42.3363001090,0 -83.0260034132,42.3362822424,0 -83.0260793142,42.3362549279,0 -83.0260291948,42.3361787125,0 -83.0259524965,42.3362062636,0 -83.0259366015,42.3361821371,0 -83.0260142469,42.3361541818,0 -83.0259626532,42.3360758988,0 -83.0257863684,42.3361394219,0 -83.0258386023,42.3362188839,0 -83.0259116458,42.3361925816,0 -83.0259252603,42.3362134286,0 -83.0258516299,42.3362398776,0 -83.0259025554,42.3363173049,0 -83.0259769224,42.3362905414,0 -83.0259891070,42.3363091981,0 -83.0259139426,42.3363361982,0 -83.0259655364,42.3364144812,0 -83.0260429269,42.3363867384,0 -83.0260548522,42.3364048834,0 -83.0259787407,42.3364322877,0 -83.0260314769,42.3365125725,0 -83.0262100040,42.3364485072,0</coordinates></LinearRing></outerBoundaryIs></Polygon></Placemark><Placemark><name>Building OSM 948815835</name><description>Exact active runtime footprint; tagged or estimated height</description><styleUrl>#building</styleUrl><Polygon><altitudeMode>clampToGround</altitudeMode><outerBoundaryIs><LinearRing><coordinates>-83.0264613357,42.3359656310,0 -83.0263916343,42.3358761985,0 -83.0263109677,42.3359105260,0 -83.0262636145,42.3359307380,0 -83.0262773938,42.3359489214,0 -83.0263330447,42.3360201826,0 -83.0264613357,42.3359656310,0</coordinates></LinearRing></outerBoundaryIs></Polygon></Placemark><Placemark><name>Building OSM 948815841</name><description>Exact active runtime footprint; tagged or estimated height</description><styleUrl>#building</styleUrl><Polygon><altitudeMode>clampToGround</altitudeMode><outerBoundaryIs><LinearRing><coordinates>-83.0257180678,42.3357795948,0 -83.0257951728,42.3358871315,0 -83.0256544972,42.3359473841,0 -83.0255790334,42.3358345828,0 -83.0257180678,42.3357795948,0</coordinates></LinearRing></outerBoundaryIs></Polygon></Placemark><Placemark><name>Building OSM 948815845</name><description>Exact active runtime footprint; tagged or estimated height</description><styleUrl>#building</styleUrl><Polygon><altitudeMode>clampToGround</altitudeMode><outerBoundaryIs><LinearRing><coordinates>-83.0259821971,42.3346564405,0 -83.0264917969,42.3344519956,0 -83.0266930698,42.3347237397,0 -83.0261845560,42.3349308329,0 -83.0259821971,42.3346564405,0</coordinates></LinearRing></outerBoundaryIs></Polygon></Placemark><Placemark><name>Building OSM 948815852</name><description>Exact active runtime footprint; tagged or estimated height</description><styleUrl>#building</styleUrl><Polygon><altitudeMode>clampToGround</altitudeMode><outerBoundaryIs><LinearRing><coordinates>-83.0247704914,42.3360514884,0 -83.0249362203,42.3359819943,0 -83.0250984366,42.3361951026,0 -83.0249356910,42.3362644643,0 -83.0247704914,42.3360514884,0</coordinates></LinearRing></outerBoundaryIs></Polygon></Placemark><Placemark><name>Building OSM 948815853</name><description>Exact active runtime footprint; tagged or estimated height</description><styleUrl>#building</styleUrl><Polygon><altitudeMode>clampToGround</altitudeMode><outerBoundaryIs><LinearRing><coordinates>-83.0250216192,42.3358825803,0 -83.0252604556,42.3357848896,0 -83.0250982945,42.3355684384,0 -83.0248580186,42.3356698554,0 -83.0250115220,42.3358701899,0 -83.0250216192,42.3358825803,0</coordinates></LinearRing></outerBoundaryIs></Polygon></Placemark><Placemark><name>Comfort Inn OSM 955810821</name><description>Exact active runtime footprint; tagged or estimated height</description><styleUrl>#building</styleUrl><Polygon><altitudeMode>clampToGround</altitudeMode><outerBoundaryIs><LinearRing><coordinates>-83.0270970142,42.3370183901,0 -83.0269341892,42.3368018075,0 -83.0268325570,42.3368434242,0 -83.0268291547,42.3368390676,0 -83.0267905637,42.3368552284,0 -83.0268106865,42.3368831516,0 -83.0268033649,42.3368861730,0 -83.0268140815,42.3368988176,0 -83.0266133925,42.3369842711,0 -83.0265580093,42.3369049086,0 -83.0264412900,42.3369464302,0 -83.0264206062,42.3369129377,0 -83.0264059501,42.3368893197,0 -83.0263842598,42.3368963996,0 -83.0263254298,42.3369153903,0 -83.0263425593,42.3369393010,0 -83.0263723626,42.3369805185,0 -83.0263818539,42.3369774008,0 -83.0263866297,42.3369845942,0 -83.0263783122,42.3369874183,0 -83.0264287993,42.3370621282,0 -83.0264949703,42.3370383445,0 -83.0266067202,42.3372152170,0 -83.0266831561,42.3371891264,0 -83.0266770188,42.3371785726,0 -83.0267268380,42.3371599012,0 -83.0267007514,42.3371202091,0 -83.0266880989,42.3371239500,0 -83.0266831679,42.3371135037,0 -83.0269316255,42.3370042379,0 -83.0269417226,42.3370166283,0 -83.0269249097,42.3370227673,0 -83.0269577333,42.3370649777,0 -83.0270063581,42.3370456752,0 -83.0270121829,42.3370543915,0 -83.0270970142,42.3370183901,0</coordinates></LinearRing></outerBoundaryIs></Polygon></Placemark><Placemark><name>Building OSM 955810826</name><description>Exact active runtime footprint; tagged or estimated height</description><styleUrl>#building</styleUrl><Polygon><altitudeMode>clampToGround</altitudeMode><outerBoundaryIs><LinearRing><coordinates>-83.0274933655,42.3369713017,0 -83.0272972860,42.3370538541,0 -83.0270331252,42.3367129006,0 -83.0269318391,42.3365817661,0 -83.0271281973,42.3364979537,0 -83.0274933655,42.3369713017,0</coordinates></LinearRing></outerBoundaryIs></Polygon></Placemark><Placemark><name>Building OSM 955810827</name><description>Exact active runtime footprint; tagged or estimated height</description><styleUrl>#building</styleUrl><Polygon><altitudeMode>clampToGround</altitudeMode><outerBoundaryIs><LinearRing><coordinates>-83.0269318391,42.3365817661,0 -83.0267676767,42.3366511102,0 -83.0268521783,42.3367605724,0 -83.0269184447,42.3367325988,0 -83.0269266466,42.3367431013,0 -83.0269470149,42.3367492405,0 -83.0270331252,42.3367129006,0 -83.0269318391,42.3365817661,0</coordinates></LinearRing></outerBoundaryIs></Polygon></Placemark><Placemark><name>Building OSM 956942166</name><description>Exact active runtime footprint; tagged or estimated height</description><styleUrl>#building</styleUrl><Polygon><altitudeMode>clampToGround</altitudeMode><outerBoundaryIs><LinearRing><coordinates>-83.0292290040,42.3387500258,0 -83.0291557137,42.3386552791,0 -83.0290721897,42.3386906188,0 -83.0290830810,42.3387047448,0 -83.0290521880,42.3387178273,0 -83.0290381982,42.3386997337,0 -83.0287732541,42.3388117836,0 -83.0287690621,42.3388064157,0 -83.0285470679,42.3389003406,0 -83.0285519890,42.3389066420,0 -83.0284476133,42.3389506745,0 -83.0285127625,42.3390349966,0 -83.0286254514,42.3389874158,0 -83.0286197242,42.3389799025,0 -83.0288295725,42.3388912656,0 -83.0288344491,42.3388976898,0 -83.0291313548,42.3387723087,0 -83.0291423676,42.3387865903,0 -83.0292290040,42.3387500258,0</coordinates></LinearRing></outerBoundaryIs></Polygon></Placemark><Placemark><name>Building OSM 956942167</name><description>Exact active runtime footprint; tagged or estimated height</description><styleUrl>#building</styleUrl><Polygon><altitudeMode>clampToGround</altitudeMode><outerBoundaryIs><LinearRing><coordinates>-83.0294071095,42.3391139150,0 -83.0293494255,42.3390404097,0 -83.0293565811,42.3390373555,0 -83.0293045309,42.3389708848,0 -83.0292976910,42.3389738043,0 -83.0291861179,42.3388312940,0 -83.0292988025,42.3387829889,0 -83.0294075201,42.3389218428,0 -83.0294146757,42.3389187886,0 -83.0294732710,42.3389934607,0 -83.0294668075,42.3389963233,0 -83.0295209515,42.3390651158,0 -83.0294071095,42.3391139150,0</coordinates></LinearRing></outerBoundaryIs></Polygon></Placemark><Placemark><name>Building OSM 956942168</name><description>Exact active runtime footprint; tagged or estimated height</description><styleUrl>#building</styleUrl><Polygon><altitudeMode>clampToGround</altitudeMode><outerBoundaryIs><LinearRing><coordinates>-83.0281930110,42.3394060066,0 -83.0281354322,42.3393324565,0 -83.0281424826,42.3393294472,0 -83.0280903717,42.3392628987,0 -83.0280836370,42.3392657733,0 -83.0279719587,42.3391233079,0 -83.0280847040,42.3390750806,0 -83.0281935268,42.3392138896,0 -83.0282007432,42.3392109131,0 -83.0282592333,42.3392856302,0 -83.0282527535,42.3392882923,0 -83.0283068530,42.3393572075,0 -83.0281930110,42.3394060066,0</coordinates></LinearRing></outerBoundaryIs></Polygon></Placemark><Placemark><name>Building OSM 956942169</name><description>Exact active runtime footprint; tagged or estimated height</description><styleUrl>#building</styleUrl><Polygon><altitudeMode>clampToGround</altitudeMode><outerBoundaryIs><LinearRing><coordinates>-83.0289204110,42.3383787667,0 -83.0288630752,42.3383055277,0 -83.0288702916,42.3383025513,0 -83.0288178606,42.3382354133,0 -83.0288111259,42.3382382879,0 -83.0287252194,42.3381282843,0 -83.0288379809,42.3380802575,0 -83.0289210158,42.3381864042,0 -83.0289282321,42.3381834277,0 -83.0289869815,42.3382586565,0 -83.0289805625,42.3382613963,0 -83.0290342693,42.3383301680,0 -83.0289204110,42.3383787667,0</coordinates></LinearRing></outerBoundaryIs></Polygon></Placemark><Placemark><name>Building OSM 956942170</name><description>Exact active runtime footprint; tagged or estimated height</description><styleUrl>#building</styleUrl><Polygon><altitudeMode>clampToGround</altitudeMode><outerBoundaryIs><LinearRing><coordinates>-83.0288182123,42.3380660827,0 -83.0287730599,42.3380088040,0 -83.0286724931,42.3380521443,0 -83.0287177506,42.3381093781,0 -83.0288182123,42.3380660827,0</coordinates></LinearRing></outerBoundaryIs></Polygon></Placemark><Placemark><name>Building OSM 956942172</name><description>Exact active runtime footprint; tagged or estimated height</description><styleUrl>#building</styleUrl><Polygon><altitudeMode>clampToGround</altitudeMode><outerBoundaryIs><LinearRing><coordinates>-83.0288722179,42.3393005263,0 -83.0287782805,42.3393410369,0 -83.0287825170,42.3393462822,0 -83.0285922219,42.3394283364,0 -83.0285890627,42.3394242910,0 -83.0284985979,42.3394633194,0 -83.0285023647,42.3394681428,0 -83.0284066384,42.3395094170,0 -83.0284037992,42.3395059611,0 -83.0283096069,42.3395466842,0 -83.0282417812,42.3394609113,0 -83.0283392357,42.3394187958,0 -83.0283434114,42.3394239632,0 -83.0284330789,42.3393851714,0 -83.0284296767,42.3393808148,0 -83.0285260788,42.3393391484,0 -83.0285306799,42.3393448604,0 -83.0287169599,42.3392643124,0 -83.0287128286,42.3392590223,0 -83.0288071870,42.3392183320,0 -83.0288722179,42.3393005263,0</coordinates></LinearRing></outerBoundaryIs></Polygon></Placemark><Placemark><name>Building OSM 963682936</name><description>Exact active runtime footprint; tagged or estimated height</description><styleUrl>#building</styleUrl><Polygon><altitudeMode>clampToGround</altitudeMode><outerBoundaryIs><LinearRing><coordinates>-83.0334260616,42.3422600144,0 -83.0332484192,42.3420305666,0 -83.0330768908,42.3421030547,0 -83.0332545331,42.3423325025,0 -83.0334260616,42.3422600144,0</coordinates></LinearRing></outerBoundaryIs></Polygon></Placemark><Placemark><name>Building OSM 963682937</name><description>Exact active runtime footprint; tagged or estimated height</description><styleUrl>#building</styleUrl><Polygon><altitudeMode>clampToGround</altitudeMode><outerBoundaryIs><LinearRing><coordinates>-83.0335597374,42.3418433318,0 -83.0334625695,42.3417153148,0 -83.0329455095,42.3419297900,0 -83.0330426774,42.3420578071,0 -83.0335597374,42.3418433318,0</coordinates></LinearRing></outerBoundaryIs></Polygon></Placemark><Placemark><name>Building OSM 965070591</name><description>Exact active runtime footprint; tagged or estimated height</description><styleUrl>#building</styleUrl><Polygon><altitudeMode>clampToGround</altitudeMode><outerBoundaryIs><LinearRing><coordinates>-83.0289983437,42.3328032094,0 -83.0289021536,42.3326523698,0 -83.0288738338,42.3326622794,0 -83.0288412735,42.3326112434,0 -83.0284420839,42.3327500979,0 -83.0283989024,42.3326822275,0 -83.0285956842,42.3326136898,0 -83.0285925043,42.3326087197,0 -83.0287040273,42.3325702459,0 -83.0286912471,42.3325502876,0 -83.0289346436,42.3324665209,0 -83.0290670773,42.3326768859,0 -83.0290432541,42.3326851873,0 -83.0290444573,42.3326872670,0 -83.0290475621,42.3326872902,0 -83.0290561416,42.3327004321,0 -83.0290595665,42.3327010448,0 -83.0291017271,42.3327670689,0 -83.0289983437,42.3328032094,0</coordinates></LinearRing></outerBoundaryIs></Polygon></Placemark><Placemark><name>Building OSM 965070592</name><description>Exact active runtime footprint; tagged or estimated height</description><styleUrl>#building</styleUrl><Polygon><altitudeMode>clampToGround</altitudeMode><outerBoundaryIs><LinearRing><coordinates>-83.0283323835,42.3327909056,0 -83.0282851923,42.3327179006,0 -83.0279798025,42.3328259499,0 -83.0279656694,42.3328040795,0 -83.0277224075,42.3328901746,0 -83.0278543648,42.3330940006,0 -83.0278746828,42.3330867804,0 -83.0279278975,42.3331689356,0 -83.0280218785,42.3331356673,0 -83.0279268276,42.3329888017,0 -83.0279631774,42.3329758796,0 -83.0279345305,42.3329314716,0 -83.0283323835,42.3327909056,0</coordinates></LinearRing></outerBoundaryIs></Polygon></Placemark><Placemark><name>Building OSM 965070593</name><description>Exact active runtime footprint; tagged or estimated height</description><styleUrl>#building</styleUrl><Polygon><altitudeMode>clampToGround</altitudeMode><outerBoundaryIs><LinearRing><coordinates>-83.0290693932,42.3330889424,0 -83.0290122371,42.3330004825,0 -83.0287989950,42.3330761498,0 -83.0288563008,42.3331644420,0 -83.0290693932,42.3330889424,0</coordinates></LinearRing></outerBoundaryIs></Polygon></Placemark><Placemark><name>Building OSM 965070594</name><description>Exact active runtime footprint; tagged or estimated height</description><styleUrl>#building</styleUrl><Polygon><altitudeMode>clampToGround</altitudeMode><outerBoundaryIs><LinearRing><coordinates>-83.0292646131,42.3329937909,0 -83.0291242344,42.3327955302,0 -83.0290057924,42.3328413138,0 -83.0291461712,42.3330395744,0 -83.0292646131,42.3329937909,0</coordinates></LinearRing></outerBoundaryIs></Polygon></Placemark><Placemark><name>Building OSM 965070595</name><description>Exact active runtime footprint; tagged or estimated height</description><styleUrl>#building</styleUrl><Polygon><altitudeMode>clampToGround</altitudeMode><outerBoundaryIs><LinearRing><coordinates>-83.0294240627,42.3332304853,0 -83.0292866975,42.3330271005,0 -83.0291712659,42.3330697320,0 -83.0293087364,42.3332730719,0 -83.0294240627,42.3332304853,0</coordinates></LinearRing></outerBoundaryIs></Polygon></Placemark><Placemark><name>Building OSM 965070596</name><description>Exact active runtime footprint; tagged or estimated height</description><styleUrl>#building</styleUrl><Polygon><altitudeMode>clampToGround</altitudeMode><outerBoundaryIs><LinearRing><coordinates>-83.0294696046,42.3332898798,0 -83.0293534832,42.3333380959,0 -83.0294010788,42.3334006592,0 -83.0293322988,42.3334291870,0 -83.0293477185,42.3334494709,0 -83.0293360825,42.3334543338,0 -83.0293849702,42.3335187313,0 -83.0295815683,42.3334372023,0 -83.0294696046,42.3332898798,0</coordinates></LinearRing></outerBoundaryIs></Polygon></Placemark><Placemark><name>Building OSM 965070597</name><description>Exact active runtime footprint; tagged or estimated height</description><styleUrl>#building</styleUrl><Polygon><altitudeMode>clampToGround</altitudeMode><outerBoundaryIs><LinearRing><coordinates>-83.0292328465,42.3334849138,0 -83.0284426217,42.3338228312,0 -83.0282983628,42.3336384666,0 -83.0282014627,42.3336800344,0 -83.0282648739,42.3337610529,0 -83.0282470294,42.3337685659,0 -83.0283980320,42.3339615658,0 -83.0286321514,42.3338614281,0 -83.0286185424,42.3338440018,0 -83.0292893925,42.3335571414,0 -83.0292328465,42.3334849138,0</coordinates></LinearRing></outerBoundaryIs></Polygon></Placemark><Placemark><name>Building OSM 965070598</name><description>Exact active runtime footprint; tagged or estimated height</description><styleUrl>#building</styleUrl><Polygon><altitudeMode>clampToGround</altitudeMode><outerBoundaryIs><LinearRing><coordinates>-83.0283873771,42.3331759135,0 -83.0281480313,42.3332566027,0 -83.0281346229,42.3332349417,0 -83.0281053235,42.3332448545,0 -83.0281080336,42.3332494028,0 -83.0280832471,42.3332579079,0 -83.0280809178,42.3332540269,0 -83.0279511488,42.3332984216,0 -83.0280057056,42.3333857090,0 -83.0280144441,42.3333827052,0 -83.0280877806,42.3335001486,0 -83.0280816285,42.3335021522,0 -83.0281345775,42.3335877401,0 -83.0282438787,42.3335507333,0 -83.0282537872,42.3335668348,0 -83.0283078894,42.3335486173,0 -83.0282992286,42.3335344728,0 -83.0283948130,42.3335021798,0 -83.0283422123,42.3334168582,0 -83.0282397391,42.3334514692,0 -83.0281708538,42.3333399053,0 -83.0284337841,42.3332513277,0 -83.0283873771,42.3331759135,0</coordinates></LinearRing></outerBoundaryIs></Polygon></Placemark><Placemark><name>Building OSM 965070599</name><description>Exact active runtime footprint; tagged or estimated height</description><styleUrl>#building</styleUrl><Polygon><altitudeMode>clampToGround</altitudeMode><outerBoundaryIs><LinearRing><coordinates>-83.0297736702,42.3339278891,0 -83.0296615221,42.3337850019,0 -83.0296306899,42.3337981621,0 -83.0295943914,42.3337520411,0 -83.0292074831,42.3339181204,0 -83.0291521077,42.3338475714,0 -83.0294501133,42.3337196463,0 -83.0294372334,42.3337031536,0 -83.0296708104,42.3336030400,0 -83.0298235098,42.3337974940,0 -83.0298045684,42.3338055788,0 -83.0298686154,42.3338870521,0 -83.0297736702,42.3339278891,0</coordinates></LinearRing></outerBoundaryIs></Polygon></Placemark><Placemark><name>Building OSM 965070600</name><description>Exact active runtime footprint; tagged or estimated height</description><styleUrl>#building</styleUrl><Polygon><altitudeMode>clampToGround</altitudeMode><outerBoundaryIs><LinearRing><coordinates>-83.0291033134,42.3339613388,0 -83.0290726087,42.3339230993,0 -83.0290796070,42.3339214606,0 -83.0290521830,42.3338874221,0 -83.0287603589,42.3340157168,0 -83.0287449154,42.3339964803,0 -83.0285035526,42.3341026141,0 -83.0286633623,42.3343015015,0 -83.0286851285,42.3342920035,0 -83.0287465987,42.3343685604,0 -83.0288379010,42.3343284484,0 -83.0287254385,42.3341883924,0 -83.0287598160,42.3341733040,0 -83.0287233558,42.3341278743,0 -83.0291033134,42.3339613388,0</coordinates></LinearRing></outerBoundaryIs></Polygon></Placemark><Placemark><name>Building OSM 965070601</name><description>Exact active runtime footprint; tagged or estimated height</description><styleUrl>#building</styleUrl><Polygon><altitudeMode>clampToGround</altitudeMode><outerBoundaryIs><LinearRing><coordinates>-83.0290111074,42.3344194456,0 -83.0289992610,42.3344243983,0 -83.0289799856,42.3343995365,0 -83.0289023989,42.3344322382,0 -83.0288588782,42.3343756115,0 -83.0287591325,42.3344176678,0 -83.0288646270,42.3345543707,0 -83.0289606896,42.3345138865,0 -83.0289647764,42.3345192993,0 -83.0290577874,42.3344801177,0 -83.0290111074,42.3344194456,0</coordinates></LinearRing></outerBoundaryIs></Polygon></Placemark><Placemark><name>Building OSM 965070602</name><description>Exact active runtime footprint; tagged or estimated height</description><styleUrl>#building</styleUrl><Polygon><altitudeMode>clampToGround</altitudeMode><outerBoundaryIs><LinearRing><coordinates>-83.0299984453,42.3340579708,0 -83.0298075470,42.3341399714,0 -83.0297598430,42.3340794252,0 -83.0297711470,42.3340744965,0 -83.0297548811,42.3340538477,0 -83.0298301484,42.3340214099,0 -83.0297840685,42.3339627637,0 -83.0298882739,42.3339179741,0 -83.0299984453,42.3340579708,0</coordinates></LinearRing></outerBoundaryIs></Polygon></Placemark><Placemark><name>Building OSM 975723727</name><description>Exact active runtime footprint; tagged or estimated height</description><styleUrl>#building</styleUrl><Polygon><altitudeMode>clampToGround</altitudeMode><outerBoundaryIs><LinearRing><coordinates>-83.0275551087,42.3392652401,0 -83.0274340406,42.3391076967,0 -83.0272641024,42.3391789874,0 -83.0273852314,42.3393366086,0 -83.0275551087,42.3392652401,0</coordinates></LinearRing></outerBoundaryIs></Polygon></Placemark><Placemark><name>Building OSM 975723728</name><description>Exact active runtime footprint; tagged or estimated height</description><styleUrl>#building</styleUrl><Polygon><altitudeMode>clampToGround</altitudeMode><outerBoundaryIs><LinearRing><coordinates>-83.0276891489,42.3382509285,0 -83.0276240930,42.3381670853,0 -83.0272489129,42.3383260840,0 -83.0273138473,42.3384097717,0 -83.0276891489,42.3382509285,0</coordinates></LinearRing></outerBoundaryIs></Polygon></Placemark><Placemark><name>Building OSM 975723729</name><description>Exact active runtime footprint; tagged or estimated height</description><styleUrl>#building</styleUrl><Polygon><altitudeMode>clampToGround</altitudeMode><outerBoundaryIs><LinearRing><coordinates>-83.0286861930,42.3378219329,0 -83.0286213638,42.3377382004,0 -83.0282461230,42.3378971213,0 -83.0283108469,42.3379808988,0 -83.0286861930,42.3378219329,0</coordinates></LinearRing></outerBoundaryIs></Polygon></Placemark><Placemark><name>Building OSM 976052992</name><description>Exact active runtime footprint; tagged or estimated height</description><styleUrl>#building</styleUrl><Polygon><altitudeMode>clampToGround</altitudeMode><outerBoundaryIs><LinearRing><coordinates>-83.0277730404,42.3387270187,0 -83.0276264034,42.3385381716,0 -83.0274974202,42.3385929149,0 -83.0276439964,42.3387816841,0 -83.0277730404,42.3387270187,0</coordinates></LinearRing></outerBoundaryIs></Polygon></Placemark><Placemark><name>Building OSM 976052993</name><description>Exact active runtime footprint; tagged or estimated height</description><styleUrl>#building</styleUrl><Polygon><altitudeMode>clampToGround</altitudeMode><outerBoundaryIs><LinearRing><coordinates>-83.0278877534,42.3390905816,0 -83.0278239288,42.3390084948,0 -83.0278296720,42.3390061471,0 -83.0277707078,42.3389302840,0 -83.0277640338,42.3389332364,0 -83.0276694513,42.3388115842,0 -83.0277791168,42.3387649827,0 -83.0278712083,42.3388834452,0 -83.0278799424,42.3388797172,0 -83.0279434632,42.3389614151,0 -83.0279375703,42.3389639304,0 -83.0279993130,42.3390431717,0 -83.0278877534,42.3390905816,0</coordinates></LinearRing></outerBoundaryIs></Polygon></Placemark><Placemark><name>Building OSM 976052994</name><description>Exact active runtime footprint; tagged or estimated height</description><styleUrl>#building</styleUrl><Polygon><altitudeMode>clampToGround</altitudeMode><outerBoundaryIs><LinearRing><coordinates>-83.0283190172,42.3384415944,0 -83.0282238127,42.3384819198,0 -83.0282273364,42.3384864319,0 -83.0280352882,42.3385676786,0 -83.0280313392,42.3385626219,0 -83.0279399674,42.3386012075,0 -83.0279442810,42.3386067311,0 -83.0278480686,42.3386473829,0 -83.0277838307,42.3385642277,0 -83.0278747816,42.3385258217,0 -83.0278693582,42.3385186973,0 -83.0279682012,42.3384769226,0 -83.0279726363,42.3384826018,0 -83.0281591073,42.3384037356,0 -83.0281548545,42.3383982899,0 -83.0282531715,42.3383567398,0 -83.0283190172,42.3384415944,0</coordinates></LinearRing></outerBoundaryIs></Polygon></Placemark><Placemark><name>Building OSM 976052997</name><description>Exact active runtime footprint; tagged or estimated height</description><styleUrl>#building</styleUrl><Polygon><altitudeMode>clampToGround</altitudeMode><outerBoundaryIs><LinearRing><coordinates>-83.0285716432,42.3387967032,0 -83.0285160074,42.3387229461,0 -83.0285035295,42.3387281684,0 -83.0284525599,42.3386609253,0 -83.0284594443,42.3386578831,0 -83.0283514740,42.3385154946,0 -83.0282382383,42.3385623753,0 -83.0283450543,42.3387032856,0 -83.0283392059,42.3387056782,0 -83.0283937156,42.3387776339,0 -83.0284024496,42.3387739060,0 -83.0284559872,42.3388446170,0 -83.0285716432,42.3387967032,0</coordinates></LinearRing></outerBoundaryIs></Polygon></Placemark><Placemark><name>Building OSM 976052999</name><description>Exact active runtime footprint; tagged or estimated height</description><styleUrl>#building</styleUrl><Polygon><altitudeMode>clampToGround</altitudeMode><outerBoundaryIs><LinearRing><coordinates>-83.0290658073,42.3384041493,0 -83.0289666203,42.3384463819,0 -83.0289703263,42.3384511275,0 -83.0287883237,42.3385287087,0 -83.0287843910,42.3385238525,0 -83.0286811001,42.3385678368,0 -83.0286856567,42.3385736715,0 -83.0285959404,42.3386118618,0 -83.0286606155,42.3386950378,0 -83.0287552168,42.3386546587,0 -83.0287518916,42.3386505804,0 -83.0288444491,42.3386111775,0 -83.0288481996,42.3386158003,0 -83.0290387258,42.3385345809,0 -83.0290355665,42.3385305355,0 -83.0291321672,42.3384893031,0 -83.0290658073,42.3384041493,0</coordinates></LinearRing></outerBoundaryIs></Polygon></Placemark><Placemark><name>Building OSM 976053007</name><description>Exact active runtime footprint; tagged or estimated height</description><styleUrl>#building</styleUrl><Polygon><altitudeMode>clampToGround</altitudeMode><outerBoundaryIs><LinearRing><coordinates>-83.0265332755,42.3378755726,0 -83.0264381155,42.3379157752,0 -83.0264345917,42.3379112630,0 -83.0262424827,42.3379924319,0 -83.0262463873,42.3379976114,0 -83.0261551208,42.3380361521,0 -83.0261508072,42.3380306286,0 -83.0260545949,42.3380712804,0 -83.0261189988,42.3381544684,0 -83.0262100549,42.3381160175,0 -83.0262154783,42.3381231419,0 -83.0263142606,42.3380812894,0 -83.0263099308,42.3380755653,0 -83.0264965070,42.3379966543,0 -83.0265007598,42.3380021000,0 -83.0265991375,42.3379606277,0 -83.0265332755,42.3378755726,0</coordinates></LinearRing></outerBoundaryIs></Polygon></Placemark><Placemark><name>Building OSM 976053015</name><description>Exact active runtime footprint; tagged or estimated height</description><styleUrl>#building</styleUrl><Polygon><altitudeMode>clampToGround</altitudeMode><outerBoundaryIs><LinearRing><coordinates>-83.0284992567,42.3375557908,0 -83.0284074358,42.3375948793,0 -83.0283912752,42.3375741856,0 -83.0283719737,42.3375825279,0 -83.0283893494,42.3376047775,0 -83.0277966805,42.3378575414,0 -83.0277344518,42.3377776778,0 -83.0283522706,42.3375141791,0 -83.0283382363,42.3374962082,0 -83.0284241036,42.3374595571,0 -83.0284992567,42.3375557908,0</coordinates></LinearRing></outerBoundaryIs></Polygon></Placemark><Placemark><name>Building OSM 976053017</name><description>Exact active runtime footprint; tagged or estimated height</description><styleUrl>#building</styleUrl><Polygon><altitudeMode>clampToGround</altitudeMode><outerBoundaryIs><LinearRing><coordinates>-83.0283027416,42.3374459062,0 -83.0281914647,42.3373050328,0 -83.0281991910,42.3373016313,0 -83.0281445609,42.3372322164,0 -83.0281384576,42.3372348215,0 -83.0280840099,42.3371656400,0 -83.0281976252,42.3371167301,0 -83.0282526035,42.3371864113,0 -83.0282607311,42.3371846018,0 -83.0283148588,42.3372531938,0 -83.0283075980,42.3372562930,0 -83.0284178746,42.3373962448,0 -83.0283027416,42.3374459062,0</coordinates></LinearRing></outerBoundaryIs></Polygon></Placemark><Placemark><name>Building OSM 978934324</name><description>Exact active runtime footprint; tagged or estimated height</description><styleUrl>#building</styleUrl><Polygon><altitudeMode>clampToGround</altitudeMode><outerBoundaryIs><LinearRing><coordinates>-83.0282303124,42.3340333617,0 -83.0282268346,42.3340414847,0 -83.0281561681,42.3340695731,0 -83.0281593360,42.3340750669,0 -83.0280395773,42.3341274288,0 -83.0280351748,42.3341221507,0 -83.0279900432,42.3341408957,0 -83.0279754991,42.3341233499,0 -83.0278752317,42.3341663550,0 -83.0278752058,42.3341720711,0 -83.0277904603,42.3342097993,0 -83.0277848157,42.3342059849,0 -83.0277763572,42.3342104251,0 -83.0277790229,42.3342150961,0 -83.0276778409,42.3342589064,0 -83.0276194496,42.3341880888,0 -83.0276370131,42.3341764430,0 -83.0280428615,42.3339995825,0 -83.0278978442,42.3338119112,0 -83.0279893232,42.3337686119,0 -83.0280403469,42.3338298157,0 -83.0280375177,42.3338305047,0 -83.0280502761,42.3338468419,0 -83.0280681607,42.3338384820,0 -83.0280987992,42.3338732231,0 -83.0281065135,42.3338703453,0 -83.0282303124,42.3340333617,0</coordinates></LinearRing></outerBoundaryIs></Polygon></Placemark><Placemark><name>Building OSM 978934325</name><description>Exact active runtime footprint; tagged or estimated height</description><styleUrl>#building</styleUrl><Polygon><altitudeMode>clampToGround</altitudeMode><outerBoundaryIs><LinearRing><coordinates>-83.0272866395,42.3338222910,0 -83.0271749311,42.3338625036,0 -83.0272022534,42.3339046764,0 -83.0271961708,42.3339082062,0 -83.0272701832,42.3340252574,0 -83.0272782370,42.3340211974,0 -83.0273081511,42.3340657907,0 -83.0274214141,42.3340259518,0 -83.0272866395,42.3338222910,0</coordinates></LinearRing></outerBoundaryIs></Polygon></Placemark><Placemark><name>Building OSM 984780632</name><description>Exact active runtime footprint; tagged or estimated height</description><styleUrl>#building</styleUrl><Polygon><altitudeMode>clampToGround</altitudeMode><outerBoundaryIs><LinearRing><coordinates>-83.0304025296,42.3421012732,0 -83.0303625247,42.3420403451,0 -83.0303697737,42.3420377697,0 -83.0300497394,42.3415510695,0 -83.0300399042,42.3415546451,0 -83.0299979834,42.3414909043,0 -83.0299906293,42.3414935247,0 -83.0299708254,42.3414634946,0 -83.0299163999,42.3414830947,0 -83.0299352925,42.3415119579,0 -83.0298840402,42.3415304111,0 -83.0298870215,42.3415349474,0 -83.0298276785,42.3415563354,0 -83.0298940899,42.3416575450,0 -83.0299651786,42.3416319734,0 -83.0299926950,42.3416738559,0 -83.0299311259,42.3416959866,0 -83.0299823877,42.3417742038,0 -83.0300387236,42.3417539957,0 -83.0300653124,42.3417945106,0 -83.0300089766,42.3418147188,0 -83.0300617898,42.3418952820,0 -83.0301213596,42.3418740047,0 -83.0301493947,42.3419169105,0 -83.0300923667,42.3419373103,0 -83.0301429276,42.3420142708,0 -83.0302017001,42.3419932301,0 -83.0302327002,42.3420404716,0 -83.0301662134,42.3420643901,0 -83.0302306319,42.3421625088,0 -83.0302888174,42.3421416149,0 -83.0302948408,42.3421507652,0 -83.0303524557,42.3421302185,0 -83.0303466146,42.3421213016,0 -83.0304025296,42.3421012732,0</coordinates></LinearRing></outerBoundaryIs></Polygon></Placemark><Placemark><name>Building OSM 984780633</name><description>Exact active runtime footprint; tagged or estimated height</description><styleUrl>#building</styleUrl><Polygon><altitudeMode>clampToGround</altitudeMode><outerBoundaryIs><LinearRing><coordinates>-83.0298419047,42.3423068554,0 -83.0298017502,42.3422460950,0 -83.0297945013,42.3422486704,0 -83.0294730784,42.3417616294,0 -83.0294828083,42.3417580987,0 -83.0294406771,42.3416944478,0 -83.0295545508,42.3416534147,0 -83.0295574269,42.3416579959,0 -83.0296167700,42.3416366079,0 -83.0296832378,42.3417371711,0 -83.0296122099,42.3417628205,0 -83.0296401191,42.3418048464,0 -83.0297016883,42.3417827157,0 -83.0297530835,42.3418605649,0 -83.0296968692,42.3418809286,0 -83.0297236848,42.3419215542,0 -83.0297799599,42.3419012683,0 -83.0298330281,42.3419816189,0 -83.0297735798,42.3420030518,0 -83.0298018861,42.3420459456,0 -83.0298589586,42.3420254231,0 -83.0299096692,42.3421022159,0 -83.0298508523,42.3421233793,0 -83.0298820792,42.3421707315,0 -83.0299485659,42.3421468130,0 -83.0300130733,42.3422446862,0 -83.0299550093,42.3422657357,0 -83.0299610327,42.3422748860,0 -83.0299035393,42.3422955882,0 -83.0298976982,42.3422866714,0 -83.0298419047,42.3423068554,0</coordinates></LinearRing></outerBoundaryIs></Polygon></Placemark><Placemark><name>Building OSM 984780634</name><description>Exact active runtime footprint; tagged or estimated height</description><styleUrl>#building</styleUrl><Polygon><altitudeMode>clampToGround</altitudeMode><outerBoundaryIs><LinearRing><coordinates>-83.0306335767,42.3422817865,0 -83.0306616237,42.3423241686,0 -83.0306788781,42.3423187746,0 -83.0307063437,42.3423647241,0 -83.0306958935,42.3423687698,0 -83.0307233384,42.3424137945,0 -83.0305886551,42.3424580048,0 -83.0305590122,42.3424133995,0 -83.0305630272,42.3424118933,0 -83.0305604267,42.3424080243,0 -83.0304956562,42.3424316252,0 -83.0304984390,42.3424357275,0 -83.0305024095,42.3424343440,0 -83.0305332512,42.3424803046,0 -83.0304268249,42.3425191962,0 -83.0303967123,42.3424741690,0 -83.0304013142,42.3424725160,0 -83.0303977860,42.3424672796,0 -83.0303304293,42.3424918806,0 -83.0303347027,42.3424982511,0 -83.0303387177,42.3424967448,0 -83.0303680850,42.3425406379,0 -83.0302676286,42.3425772924,0 -83.0302377753,42.3425327770,0 -83.0302410537,42.3425315851,0 -83.0302372218,42.3425259597,0 -83.0301768427,42.3425479974,0 -83.0301804478,42.3425535121,0 -83.0301835158,42.3425524100,0 -83.0302156885,42.3425966616,0 -83.0300766800,42.3426459335,0 -83.0300464546,42.3426021993,0 -83.0300350898,42.3426070502,0 -83.0300057475,42.3425648060,0 -83.0300245641,42.3425585378,0 -83.0299927254,42.3425096834,0 -83.0305543636,42.3423071954,0 -83.0305564010,42.3423101637,0 -83.0306335767,42.3422817865,0</coordinates></LinearRing></outerBoundaryIs></Polygon></Placemark><Placemark><name>Building OSM 985625198</name><description>Exact active runtime footprint; tagged or estimated height</description><styleUrl>#building</styleUrl><Polygon><altitudeMode>clampToGround</altitudeMode><outerBoundaryIs><LinearRing><coordinates>-83.0284102681,42.3345192751,0 -83.0282973898,42.3343727578,0 -83.0282651288,42.3343864242,0 -83.0282304500,42.3343414790,0 -83.0278399747,42.3345058652,0 -83.0277871586,42.3344373357,0 -83.0280891923,42.3343100770,0 -83.0280756886,42.3342926058,0 -83.0283076676,42.3341949376,0 -83.0284602065,42.3343927794,0 -83.0284397312,42.3344014152,0 -83.0285009640,42.3344810816,0 -83.0284102681,42.3345192751,0</coordinates></LinearRing></outerBoundaryIs></Polygon></Placemark><Placemark><name>Building OSM 985625199</name><description>Exact active runtime footprint; tagged or estimated height</description><styleUrl>#building</styleUrl><Polygon><altitudeMode>clampToGround</altitudeMode><outerBoundaryIs><LinearRing><coordinates>-83.0280113578,42.3349197162,0 -83.0278905226,42.3349635132,0 -83.0278373492,42.3348832074,0 -83.0278450635,42.3348803296,0 -83.0277653945,42.3347599877,0 -83.0278782442,42.3347190806,0 -83.0280113578,42.3349197162,0</coordinates></LinearRing></outerBoundaryIs></Polygon></Placemark><Placemark><name>Building OSM 985625200</name><description>Exact active runtime footprint; tagged or estimated height</description><styleUrl>#building</styleUrl><Polygon><altitudeMode>clampToGround</altitudeMode><outerBoundaryIs><LinearRing><coordinates>-83.0278489888,42.3346812597,0 -83.0277167333,42.3344804653,0 -83.0276047092,42.3345208126,0 -83.0276321487,42.3345624167,0 -83.0276253207,42.3345648125,0 -83.0277027580,42.3346824765,0 -83.0277109540,42.3346794968,0 -83.0277383934,42.3347211009,0 -83.0278489888,42.3346812597,0</coordinates></LinearRing></outerBoundaryIs></Polygon></Placemark><Placemark><name>Building OSM 985625201</name><description>Exact active runtime footprint; tagged or estimated height</description><styleUrl>#building</styleUrl><Polygon><altitudeMode>clampToGround</altitudeMode><outerBoundaryIs><LinearRing><coordinates>-83.0275722860,42.3342723237,0 -83.0274381277,42.3340708894,0 -83.0273279858,42.3341109519,0 -83.0274092463,42.3342327928,0 -83.0274028555,42.3342352094,0 -83.0274557978,42.3343146802,0 -83.0275722860,42.3342723237,0</coordinates></LinearRing></outerBoundaryIs></Polygon></Placemark><Placemark><name>Building OSM 985625202</name><description>Exact active runtime footprint; tagged or estimated height</description><styleUrl>#building</styleUrl><Polygon><altitudeMode>clampToGround</altitudeMode><outerBoundaryIs><LinearRing><coordinates>-83.0279674032,42.3337500653,0 -83.0278723305,42.3335995786,0 -83.0276792599,42.3336662210,0 -83.0277194926,42.3337299562,0 -83.0277293441,42.3337265811,0 -83.0277438905,42.3337495198,0 -83.0278186102,42.3337237468,0 -83.0278588429,42.3337874820,0 -83.0279674032,42.3337500653,0</coordinates></LinearRing></outerBoundaryIs></Polygon></Placemark><Placemark><name>Building OSM 985625204</name><description>Exact active runtime footprint; tagged or estimated height</description><styleUrl>#building</styleUrl><Polygon><altitudeMode>clampToGround</altitudeMode><outerBoundaryIs><LinearRing><coordinates>-83.0284751260,42.3347253945,0 -83.0286625755,42.3346438287,0 -83.0285521862,42.3345051697,0 -83.0284467668,42.3345510999,0 -83.0284905945,42.3346061433,0 -83.0284170272,42.3346380630,0 -83.0284344311,42.3346599895,0 -83.0284260735,42.3346636605,0 -83.0284751260,42.3347253945,0</coordinates></LinearRing></outerBoundaryIs></Polygon></Placemark><Placemark><name>Building OSM 985871995</name><description>Exact active runtime footprint; tagged or estimated height</description><styleUrl>#building</styleUrl><Polygon><altitudeMode>clampToGround</altitudeMode><outerBoundaryIs><LinearRing><coordinates>-83.0315228653,42.3421964841,0 -83.0312044725,42.3417145808,0 -83.0310825688,42.3417586265,0 -83.0311007442,42.3417860324,0 -83.0310960371,42.3417877304,0 -83.0310942426,42.3417850733,0 -83.0310368545,42.3418057306,0 -83.0310862285,42.3418808119,0 -83.0311449402,42.3418596934,0 -83.0311435711,42.3418575809,0 -83.0311480677,42.3418559728,0 -83.0311762851,42.3418991120,0 -83.0311734276,42.3419001242,0 -83.0311720584,42.3418980116,0 -83.0311136906,42.3419186722,0 -83.0311648190,42.3419972576,0 -83.0312245548,42.3419760131,0 -83.0312229871,42.3419734667,0 -83.0312255289,42.3419725892,0 -83.0312572017,42.3420214108,0 -83.0312534416,42.3420227045,0 -83.0312519347,42.3420202359,0 -83.0311950401,42.3420402676,0 -83.0312455165,42.3421181977,0 -83.0313039450,42.3420976150,0 -83.0313018305,42.3420943684,0 -83.0313061168,42.3420928501,0 -83.0313388994,42.3421432725,0 -83.0313334556,42.3421452848,0 -83.0313320257,42.3421430945,0 -83.0312761108,42.3421631230,0 -83.0313232044,42.3422349249,0 -83.0313809690,42.3422142106,0 -83.0313788100,42.3422110868,0 -83.0313835617,42.3422092661,0 -83.0314036085,42.3422396074,0 -83.0315228653,42.3421964841,0</coordinates></LinearRing></outerBoundaryIs></Polygon></Placemark><Placemark><name>Building OSM 985871996</name><description>Exact active runtime footprint; tagged or estimated height</description><styleUrl>#building</styleUrl><Polygon><altitudeMode>clampToGround</altitudeMode><outerBoundaryIs><LinearRing><coordinates>-83.0309452223,42.3424016544,0 -83.0306267851,42.3419198739,0 -83.0307487496,42.3418759060,0 -83.0307668035,42.3419031563,0 -83.0307715107,42.3419014584,0 -83.0307697770,42.3418988791,0 -83.0308270436,42.3418780662,0 -83.0308769601,42.3419531234,0 -83.0308182040,42.3419743646,0 -83.0308167296,42.3419722970,0 -83.0308123989,42.3419739381,0 -83.0308409764,42.3420168198,0 -83.0308438339,42.3420158076,0 -83.0308424647,42.3420136951,0 -83.0309003465,42.3419924122,0 -83.0309527984,42.3420705364,0 -83.0308934271,42.3420922476,0 -83.0308916490,42.3420897910,0 -83.0308890627,42.3420907912,0 -83.0309216826,42.3421392084,0 -83.0309253819,42.3421378369,0 -83.0309237090,42.3421353354,0 -83.0309802227,42.3421146364,0 -83.0310322776,42.3421918928,0 -83.0309742906,42.3422132206,0 -83.0309721316,42.3422100968,0 -83.0309679506,42.3422115702,0 -83.0310015914,42.3422618337,0 -83.0310071403,42.3422597764,0 -83.0310056052,42.3422576310,0 -83.0310613379,42.3422373691,0 -83.0311090629,42.3423089015,0 -83.0310514805,42.3423298491,0 -83.0310494268,42.3423266804,0 -83.0310446144,42.3423284232,0 -83.0310644953,42.3423587317,0 -83.0309452223,42.3424016544,0</coordinates></LinearRing></outerBoundaryIs></Polygon></Placemark><Placemark><name>Building OSM 1163113882</name><description>Exact active runtime footprint; tagged or estimated height</description><styleUrl>#building</styleUrl><Polygon><altitudeMode>clampToGround</altitudeMode><outerBoundaryIs><LinearRing><coordinates>-83.0312660350,42.3431151868,0 -83.0320112124,42.3428500209,0 -83.0319507354,42.3427582069,0 -83.0319134992,42.3427716111,0 -83.0319120086,42.3427693430,0 -83.0319154367,42.3427679835,0 -83.0318870816,42.3427244882,0 -83.0317842287,42.3427611284,0 -83.0318129646,42.3428052909,0 -83.0318158221,42.3428042787,0 -83.0318176773,42.3428070136,0 -83.0317598964,42.3428275274,0 -83.0317588310,42.3428258038,0 -83.0317615833,42.3428248365,0 -83.0317336046,42.3427812843,0 -83.0316266879,42.3428188292,0 -83.0316553956,42.3428633150,0 -83.0316587792,42.3428620782,0 -83.0316599054,42.3428638795,0 -83.0315938959,42.3428869720,0 -83.0315921015,42.3428843149,0 -83.0315954851,42.3428830781,0 -83.0315685111,42.3428411716,0 -83.0314633388,42.3428780756,0 -83.0314908152,42.3429208050,0 -83.0314950406,42.3429192089,0 -83.0314976412,42.3429230778,0 -83.0314283089,42.3429474848,0 -83.0314250845,42.3429426374,0 -83.0314280472,42.3429415803,0 -83.0314017296,42.3429010533,0 -83.0313060204,42.3429351629,0 -83.0313330064,42.3429765457,0 -83.0313370821,42.3429751172,0 -83.0313402457,42.3429798868,0 -83.0312645551,42.3430071115,0 -83.0312599009,42.3430000737,0 -83.0312666237,42.3429977228,0 -83.0312396778,42.3429554931,0 -83.0311799345,42.3429779855,0 -83.0312660350,42.3431151868,0</coordinates></LinearRing></outerBoundaryIs></Polygon></Placemark><Placemark><name>Building OSM 1163113883</name><description>Exact active runtime footprint; tagged or estimated height</description><styleUrl>#building</styleUrl><Polygon><altitudeMode>clampToGround</altitudeMode><outerBoundaryIs><LinearRing><coordinates>-83.0309835027,42.3426867487,0 -83.0317206152,42.3424188015,0 -83.0317813146,42.3425100019,0 -83.0317443496,42.3425233940,0 -83.0317456743,42.3425256293,0 -83.0317492684,42.3425243027,0 -83.0317782875,42.3425679295,0 -83.0316754390,42.3426052939,0 -83.0316458731,42.3425609669,0 -83.0316487306,42.3425599547,0 -83.0316471792,42.3425576088,0 -83.0315902890,42.3425783647,0 -83.0315912166,42.3425797321,0 -83.0315939080,42.3425786871,0 -83.0316232428,42.3426221791,0 -83.0315170432,42.3426611813,0 -83.0314871617,42.3426169891,0 -83.0314906506,42.3426157074,0 -83.0314895407,42.3426141065,0 -83.0314240943,42.3426380996,0 -83.0314258443,42.3426408794,0 -83.0314291227,42.3426396876,0 -83.0314572098,42.3426812227,0 -83.0313532808,42.3427193595,0 -83.0313250559,42.3426774682,0 -83.0313294474,42.3426759050,0 -83.0313266483,42.3426716021,0 -83.0312570209,42.3426970686,0 -83.0312607313,42.3427025384,0 -83.0312636333,42.3427014035,0 -83.0312901570,42.3427411164,0 -83.0311954600,42.3427756239,0 -83.0311681909,42.3427347769,0 -83.0311723719,42.3427333035,0 -83.0311689653,42.3427282226,0 -83.0310931414,42.3427558154,0 -83.0310976741,42.3427626976,0 -83.0311045021,42.3427603018,0 -83.0311306776,42.3427997485,0 -83.0310727188,42.3428207531,0 -83.0309835027,42.3426867487,0</coordinates></LinearRing></outerBoundaryIs></Polygon></Placemark><Placemark><name>Building OSM 1163113884</name><description>Exact active runtime footprint; tagged or estimated height</description><styleUrl>#building</styleUrl><Polygon><altitudeMode>clampToGround</altitudeMode><outerBoundaryIs><LinearRing><coordinates>-83.0308719558,42.3427913075,0 -83.0308611572,42.3427950868,0 -83.0308232669,42.3427374054,0 -83.0307704199,42.3427563318,0 -83.0307647002,42.3427475705,0 -83.0307021233,42.3427700277,0 -83.0307062915,42.3427764430,0 -83.0306472033,42.3427976185,0 -83.0307140401,42.3428993727,0 -83.0307731282,42.3428781973,0 -83.0307988502,42.3429174226,0 -83.0307385438,42.3429390143,0 -83.0307903080,42.3430180544,0 -83.0308515170,42.3429961812,0 -83.0308795358,42.3430388865,0 -83.0308172745,42.3430612089,0 -83.0308682770,42.3431389144,0 -83.0309320722,42.3431160410,0 -83.0309622663,42.3431620707,0 -83.0309003814,42.3431843362,0 -83.0309669144,42.3432857014,0 -83.0310256868,42.3432646607,0 -83.0310341285,42.3432774465,0 -83.0310983002,42.3432545162,0 -83.0310520734,42.3431840039,0 -83.0311145452,42.3431615917,0 -83.0308719558,42.3427913075,0</coordinates></LinearRing></outerBoundaryIs></Polygon></Placemark><Placemark><name>Building OSM 1163113885</name><description>Exact active runtime footprint; tagged or estimated height</description><styleUrl>#building</styleUrl><Polygon><altitudeMode>clampToGround</altitudeMode><outerBoundaryIs><LinearRing><coordinates>-83.0302883560,42.3430008875,0 -83.0302989885,42.3429970752,0 -83.0302612034,42.3429393488,0 -83.0303140504,42.3429204224,0 -83.0303083916,42.3429117389,0 -83.0303709686,42.3428892818,0 -83.0303751812,42.3428955744,0 -83.0304343301,42.3428744768,0 -83.0305009564,42.3429763208,0 -83.0304418683,42.3429974963,0 -83.0304675903,42.3430367216,0 -83.0305278967,42.3430151299,0 -83.0305796608,42.3430941700,0 -83.0305185126,42.3431161210,0 -83.0305465314,42.3431588263,0 -83.0306087927,42.3431365039,0 -83.0306596900,42.3432142544,0 -83.0305957287,42.3432370950,0 -83.0306258783,42.3432832474,0 -83.0306878846,42.3432611375,0 -83.0307542516,42.3433624699,0 -83.0306955399,42.3433835883,0 -83.0307038764,42.3433964191,0 -83.0306397654,42.3434194273,0 -83.0305936439,42.3433488701,0 -83.0305310061,42.3433712495,0 -83.0302883560,42.3430008875,0</coordinates></LinearRing></outerBoundaryIs></Polygon></Placemark><Placemark><name>Building OSM 58828234</name><description>Exact active runtime footprint; tagged or estimated height</description><styleUrl>#building</styleUrl><Polygon><altitudeMode>clampToGround</altitudeMode><outerBoundaryIs><LinearRing><coordinates>-83.0449632521,42.3543904069,0 -83.0438571845,42.3547874153,0 -83.0437751374,42.3546625910,0 -83.0436930296,42.3545376888,0 -83.0436638842,42.3545481582,0 -83.0430027279,42.3547854481,0 -83.0431722988,42.3550435470,0 -83.0424453924,42.3553044409,0 -83.0425831407,42.3555138859,0 -83.0423072815,42.3556128573,0 -83.0427171525,42.3562365125,0 -83.0445397652,42.3555824103,0 -83.0446060388,42.3556832639,0 -83.0455826218,42.3553328108,0 -83.0449632521,42.3543904069,0</coordinates></LinearRing></outerBoundaryIs></Polygon></Placemark><Placemark><name>Building OSM 59440017</name><description>Exact active runtime footprint; tagged or estimated height</description><styleUrl>#building</styleUrl><Polygon><altitudeMode>clampToGround</altitudeMode><outerBoundaryIs><LinearRing><coordinates>-83.0370073619,42.3474743377,0 -83.0369906706,42.3474806323,0 -83.0368416534,42.3475346950,0 -83.0366613353,42.3476041925,0 -83.0366967054,42.3476563111,0 -83.0365940717,42.3476943099,0 -83.0365374885,42.3476108955,0 -83.0363832749,42.3476680060,0 -83.0364915440,42.3478274858,0 -83.0366554268,42.3477667668,0 -83.0366699808,42.3477884575,0 -83.0367439063,42.3477609489,0 -83.0368174455,42.3478694890,0 -83.0371841558,42.3477355772,0 -83.0370073619,42.3474743377,0</coordinates></LinearRing></outerBoundaryIs></Polygon></Placemark><Placemark><name>Building OSM 59440019</name><description>Exact active runtime footprint; tagged or estimated height</description><styleUrl>#building</styleUrl><Polygon><altitudeMode>clampToGround</altitudeMode><outerBoundaryIs><LinearRing><coordinates>-83.0362818592,42.3470323937,0 -83.0365982547,42.3471651711,0 -83.0365258555,42.3472584141,0 -83.0362200666,42.3471275406,0 -83.0362818592,42.3470323937,0</coordinates></LinearRing></outerBoundaryIs></Polygon></Placemark><Placemark><name>Building OSM 59440023</name><description>Exact active runtime footprint; tagged or estimated height</description><styleUrl>#building</styleUrl><Polygon><altitudeMode>clampToGround</altitudeMode><outerBoundaryIs><LinearRing><coordinates>-83.0356938701,42.3488454081,0 -83.0352932072,42.3489848915,0 -83.0351455447,42.3492038221,0 -83.0352341779,42.3493286360,0 -83.0358590559,42.3491011259,0 -83.0356938701,42.3488454081,0</coordinates></LinearRing></outerBoundaryIs></Polygon></Placemark><Placemark><name>Eastern Cold Storage LLC OSM 59440430</name><description>Exact active runtime footprint; tagged or estimated height</description><styleUrl>#building</styleUrl><Polygon><altitudeMode>clampToGround</altitudeMode><outerBoundaryIs><LinearRing><coordinates>-83.0389991660,42.3467726023,0 -83.0388491616,42.3468279162,0 -83.0390315329,42.3470968367,0 -83.0391811001,42.3470415020,0 -83.0389991660,42.3467726023,0</coordinates></LinearRing></outerBoundaryIs></Polygon></Placemark><Placemark><name>Shed 6 OSM 59440441</name><description>Exact active runtime footprint; tagged or estimated height</description><styleUrl>#building</styleUrl><Polygon><altitudeMode>clampToGround</altitudeMode><outerBoundaryIs><LinearRing><coordinates>-83.0404111951,42.3484644679,0 -83.0402235975,42.3485314712,0 -83.0409663194,42.3496427873,0 -83.0411538962,42.3495748592,0 -83.0405564368,42.3486844066,0 -83.0404111951,42.3484644679,0</coordinates></LinearRing></outerBoundaryIs></Polygon></Placemark><Placemark><name>Building OSM 59449686</name><description>Exact active runtime footprint; tagged or estimated height</description><styleUrl>#building</styleUrl><Polygon><altitudeMode>clampToGround</altitudeMode><outerBoundaryIs><LinearRing><coordinates>-83.0384155712,42.3491976037,0 -83.0382110273,42.3492711141,0 -83.0381917095,42.3492417064,0 -83.0380335004,42.3492985515,0 -83.0381160173,42.3494237977,0 -83.0381826700,42.3493999121,0 -83.0383035350,42.3495837854,0 -83.0385995908,42.3494774382,0 -83.0384155712,42.3491976037,0</coordinates></LinearRing></outerBoundaryIs></Polygon></Placemark><Placemark><name>Building OSM 59449687</name><description>Exact active runtime footprint; tagged or estimated height</description><styleUrl>#building</styleUrl><Polygon><altitudeMode>clampToGround</altitudeMode><outerBoundaryIs><LinearRing><coordinates>-83.0400626712,42.3489129002,0 -83.0396839941,42.3490543056,0 -83.0397568888,42.3491609424,0 -83.0398096707,42.3491412140,0 -83.0399050544,42.3492807803,0 -83.0402310104,42.3491591811,0 -83.0400626712,42.3489129002,0</coordinates></LinearRing></outerBoundaryIs></Polygon></Placemark><Placemark><name>DFD Ladder No. 5/3rd battalion/Engine No. 6 OSM 59449689</name><description>Exact active runtime footprint; tagged or estimated height</description><styleUrl>#building</styleUrl><Polygon><altitudeMode>clampToGround</altitudeMode><outerBoundaryIs><LinearRing><coordinates>-83.0423900262,42.3496050860,0 -83.0423284396,42.3496243198,0 -83.0423318692,42.3496357182,0 -83.0421531685,42.3497009986,0 -83.0421295892,42.3496646966,0 -83.0420323059,42.3497002042,0 -83.0419175099,42.3495280549,0 -83.0415943340,42.3496383020,0 -83.0415756389,42.3496447258,0 -83.0415781787,42.3496485170,0 -83.0417063418,42.3498404779,0 -83.0411495986,42.3500449220,0 -83.0413113809,42.3502935867,0 -83.0413608769,42.3502762981,0 -83.0413805494,42.3503020277,0 -83.0413956490,42.3503217221,0 -83.0413272454,42.3503501930,0 -83.0413738344,42.3504157792,0 -83.0413860803,42.3504170871,0 -83.0416002113,42.3507392523,0 -83.0418651052,42.3506513924,0 -83.0420183824,42.3505914660,0 -83.0420457036,42.3506309424,0 -83.0420930906,42.3506138278,0 -83.0421518467,42.3505925866,0 -83.0421883907,42.3505793741,0 -83.0421523762,42.3505253523,0 -83.0421882726,42.3505122088,0 -83.0422335832,42.3504956693,0 -83.0422627801,42.3505388053,0 -83.0428554956,42.3503187996,0 -83.0427059467,42.3500893930,0 -83.0423900262,42.3496050860,0</coordinates></LinearRing></outerBoundaryIs></Polygon></Placemark><Placemark><name>Metro Cold Storage OSM 59449690</name><description>Exact active runtime footprint; tagged or estimated height</description><styleUrl>#building</styleUrl><Polygon><altitudeMode>clampToGround</altitudeMode><outerBoundaryIs><LinearRing><coordinates>-83.0380205264,42.3471319203,0 -83.0373867778,42.3473654987,0 -83.0375590878,42.3476204576,0 -83.0381929809,42.3473933524,0 -83.0380205264,42.3471319203,0</coordinates></LinearRing></outerBoundaryIs></Polygon></Placemark><Placemark><name>Building OSM 59449691</name><description>Exact active runtime footprint; tagged or estimated height</description><styleUrl>#building</styleUrl><Polygon><altitudeMode>clampToGround</altitudeMode><outerBoundaryIs><LinearRing><coordinates>-83.0381312897,42.3475728906,0 -83.0379602101,42.3476348144,0 -83.0380447763,42.3477625052,0 -83.0378819978,42.3478214044,0 -83.0379712183,42.3479561329,0 -83.0384524013,42.3477805175,0 -83.0383882627,42.3476838353,0 -83.0382402978,42.3477374488,0 -83.0381312897,42.3475728906,0</coordinates></LinearRing></outerBoundaryIs></Polygon></Placemark><Placemark><name>Building OSM 59449693</name><description>Exact active runtime footprint; tagged or estimated height</description><styleUrl>#building</styleUrl><Polygon><altitudeMode>clampToGround</altitudeMode><outerBoundaryIs><LinearRing><coordinates>-83.0394686520,42.3483383870,0 -83.0391424506,42.3484542821,0 -83.0391353618,42.3484434082,0 -83.0390608570,42.3484698156,0 -83.0390479271,42.3484500249,0 -83.0389480206,42.3484854074,0 -83.0391075833,42.3487308705,0 -83.0396085366,42.3485546997,0 -83.0394686520,42.3483383870,0</coordinates></LinearRing></outerBoundaryIs></Polygon></Placemark><Placemark><name>Building OSM 59449700</name><description>Exact active runtime footprint; tagged or estimated height</description><styleUrl>#building</styleUrl><Polygon><altitudeMode>clampToGround</altitudeMode><outerBoundaryIs><LinearRing><coordinates>-83.0385100478,42.3465816068,0 -83.0383475525,42.3466399702,0 -83.0385143199,42.3468930420,0 -83.0386765440,42.3468346907,0 -83.0385100478,42.3465816068,0</coordinates></LinearRing></outerBoundaryIs></Polygon></Placemark><Placemark><name>E&amp;B Brewery Lofts OSM 59449704</name><description>Exact active runtime footprint; tagged or estimated height</description><styleUrl>#building</styleUrl><Polygon><altitudeMode>clampToGround</altitudeMode><outerBoundaryIs><LinearRing><coordinates>-83.0376535388,42.3468969899,0 -83.0374940669,42.3469543739,0 -83.0372929675,42.3470267254,0 -83.0371836956,42.3470661054,0 -83.0372475792,42.3471630002,0 -83.0374365122,42.3470950119,0 -83.0374668114,42.3471409967,0 -83.0374310040,42.3471538948,0 -83.0374480251,42.3471798226,0 -83.0374824038,42.3471674306,0 -83.0375363551,42.3472492714,0 -83.0378186940,42.3471476380,0 -83.0376535388,42.3468969899,0</coordinates></LinearRing></outerBoundaryIs></Polygon></Placemark><Placemark><name>L.K.L. Packing OSM 59449706</name><description>Exact active runtime footprint; tagged or estimated height</description><styleUrl>#building</styleUrl><Polygon><altitudeMode>clampToGround</altitudeMode><outerBoundaryIs><LinearRing><coordinates>-83.0400887501,42.3496820111,0 -83.0401261945,42.3497382233,0 -83.0402059283,42.3497091691,0 -83.0402446648,42.3497672155,0 -83.0404895203,42.3496779508,0 -83.0404131733,42.3495636594,0 -83.0403322821,42.3495932076,0 -83.0400887501,42.3496820111,0</coordinates></LinearRing></outerBoundaryIs></Polygon></Placemark><Placemark><name>Building OSM 59449707</name><description>Exact active runtime footprint; tagged or estimated height</description><styleUrl>#building</styleUrl><Polygon><altitudeMode>clampToGround</altitudeMode><outerBoundaryIs><LinearRing><coordinates>-83.0393833808,42.3488443605,0 -83.0392337810,42.3488992942,0 -83.0392057991,42.3488577141,0 -83.0388694981,42.3489833140,0 -83.0390309982,42.3492251494,0 -83.0395205236,42.3490483589,0 -83.0393833808,42.3488443605,0</coordinates></LinearRing></outerBoundaryIs></Polygon></Placemark><Placemark><name>Building OSM 59449709</name><description>Exact active runtime footprint; tagged or estimated height</description><styleUrl>#building</styleUrl><Polygon><altitudeMode>clampToGround</altitudeMode><outerBoundaryIs><LinearRing><coordinates>-83.0391677372,42.3475728995,0 -83.0390022466,42.3476319190,0 -83.0391712956,42.3478909667,0 -83.0393369522,42.3478319801,0 -83.0393133891,42.3477958786,0 -83.0392111204,42.3476392316,0 -83.0391677372,42.3475728995,0</coordinates></LinearRing></outerBoundaryIs></Polygon></Placemark><Placemark><name>DWSD Old Central Yard Warehouse OSM 59450015</name><description>Exact active runtime footprint; tagged or estimated height</description><styleUrl>#building</styleUrl><Polygon><altitudeMode>clampToGround</altitudeMode><outerBoundaryIs><LinearRing><coordinates>-83.0411754911,42.3512059970,0 -83.0407648564,42.3513513962,0 -83.0407354197,42.3513059769,0 -83.0404232627,42.3514164998,0 -83.0405350026,42.3515892274,0 -83.0402935904,42.3516746366,0 -83.0403707045,42.3517936833,0 -83.0403239326,42.3518103278,0 -83.0407155590,42.3524151123,0 -83.0407576238,42.3524001657,0 -83.0408338873,42.3525181232,0 -83.0410796910,42.3524311508,0 -83.0410968054,42.3524575574,0 -83.0412742402,42.3523947882,0 -83.0411656963,42.3522272312,0 -83.0418830887,42.3519731987,0 -83.0416914681,42.3516775226,0 -83.0413621663,42.3517941187,0 -83.0411627282,42.3514966967,0 -83.0412643389,42.3514615203,0 -83.0412264550,42.3513998945,0 -83.0412875794,42.3513789909,0 -83.0411754911,42.3512059970,0</coordinates></LinearRing></outerBoundaryIs></Polygon></Placemark><Placemark><name>FD Lofts OSM 59450021</name><description>Exact active runtime footprint; tagged or estimated height</description><styleUrl>#building</styleUrl><Polygon><altitudeMode>clampToGround</altitudeMode><outerBoundaryIs><LinearRing><coordinates>-83.0432000895,42.3505816483,0 -83.0431301571,42.3505664799,0 -83.0429877280,42.3506158634,0 -83.0429621974,42.3506259309,0 -83.0429738145,42.3506429627,0 -83.0424962670,42.3508191009,0 -83.0424806021,42.3508682120,0 -83.0425571238,42.3509839848,0 -83.0430587875,42.3508031542,0 -83.0431308535,42.3509123231,0 -83.0426684860,42.3510789739,0 -83.0426446641,42.3511275213,0 -83.0427067977,42.3512216362,0 -83.0425097296,42.3512926819,0 -83.0424782434,42.3512448180,0 -83.0424022372,42.3512721774,0 -83.0425139716,42.3514414844,0 -83.0435300688,42.3510755137,0 -83.0432000895,42.3505816483,0</coordinates></LinearRing></outerBoundaryIs></Polygon></Placemark><Placemark><name>Building OSM 59526896</name><description>Exact active runtime footprint; tagged or estimated height</description><styleUrl>#building</styleUrl><Polygon><altitudeMode>clampToGround</altitudeMode><outerBoundaryIs><LinearRing><coordinates>-83.0404772004,42.3535029944,0 -83.0404732403,42.3535936834,0 -83.0406487731,42.3535980082,0 -83.0406501803,42.3535663929,0 -83.0407356029,42.3535685184,0 -83.0407687350,42.3536219035,0 -83.0408393507,42.3535978822,0 -83.0408910802,42.3536811900,0 -83.0411933230,42.3535786331,0 -83.0410190670,42.3532983653,0 -83.0404666681,42.3534859145,0 -83.0404772004,42.3535029944,0</coordinates></LinearRing></outerBoundaryIs></Polygon></Placemark><Placemark><name>Building OSM 59526897</name><description>Exact active runtime footprint; tagged or estimated height</description><styleUrl>#building</styleUrl><Polygon><altitudeMode>clampToGround</altitudeMode><outerBoundaryIs><LinearRing><coordinates>-83.0418478844,42.3523314612,0 -83.0417781681,42.3523571731,0 -83.0419418446,42.3526050294,0 -83.0420141742,42.3525752976,0 -83.0418478844,42.3523314612,0</coordinates></LinearRing></outerBoundaryIs></Polygon></Placemark><Placemark><name>Building OSM 59734730</name><description>Exact active runtime footprint; tagged or estimated height</description><styleUrl>#building</styleUrl><Polygon><altitudeMode>clampToGround</altitudeMode><outerBoundaryIs><LinearRing><coordinates>-83.0345213133,42.3438908379,0 -83.0344796262,42.3439084240,0 -83.0344289381,42.3439304743,0 -83.0343386512,42.3439690118,0 -83.0343600367,42.3439963960,0 -83.0343410954,42.3440044808,0 -83.0343850045,42.3440605268,0 -83.0344034196,42.3440526666,0 -83.0344212814,42.3440755387,0 -83.0344028662,42.3440833989,0 -83.0344480956,42.3441409559,0 -83.0344655637,42.3441334999,0 -83.0344828016,42.3441553935,0 -83.0344638159,42.3441636010,0 -83.0345106249,42.3442231807,0 -83.0345279270,42.3442156919,0 -83.0345491747,42.3442427200,0 -83.0346396113,42.3442040148,0 -83.0346906151,42.3441818297,0 -83.0347415462,42.3441600906,0 -83.0347198124,42.3441324401,0 -83.0347365884,42.3441251758,0 -83.0346870291,42.3440618948,0 -83.0346684643,42.3440699226,0 -83.0346556006,42.3440536304,0 -83.0346735341,42.3440458720,0 -83.0346252063,42.3439843474,0 -83.0346056336,42.3439927017,0 -83.0345895945,42.3439721635,0 -83.0346068521,42.3439647974,0 -83.0345614405,42.3439070070,0 -83.0345409207,42.3439157655,0 -83.0345213133,42.3438908379,0</coordinates></LinearRing></outerBoundaryIs></Polygon></Placemark><Placemark><name>Building OSM 59734733</name><description>Exact active runtime footprint; tagged or estimated height</description><styleUrl>#building</styleUrl><Polygon><altitudeMode>clampToGround</altitudeMode><outerBoundaryIs><LinearRing><coordinates>-83.0361235117,42.3442486017,0 -83.0355957846,42.3444711568,0 -83.0356868477,42.3445890211,0 -83.0362145141,42.3443663882,0 -83.0361235117,42.3442486017,0</coordinates></LinearRing></outerBoundaryIs></Polygon></Placemark><Placemark><name>Building OSM 59734734</name><description>Exact active runtime footprint; tagged or estimated height</description><styleUrl>#building</styleUrl><Polygon><altitudeMode>clampToGround</altitudeMode><outerBoundaryIs><LinearRing><coordinates>-83.0342829041,42.3430034486,0 -83.0339960766,42.3431255652,0 -83.0340633479,42.3432118859,0 -83.0343501754,42.3430897693,0 -83.0342829041,42.3430034486,0</coordinates></LinearRing></outerBoundaryIs></Polygon></Placemark><Placemark><name>Building OSM 59734736</name><description>Exact active runtime footprint; tagged or estimated height</description><styleUrl>#building</styleUrl><Polygon><altitudeMode>clampToGround</altitudeMode><outerBoundaryIs><LinearRing><coordinates>-83.0339483234,42.3431569430,0 -83.0338241970,42.3432098207,0 -83.0341490752,42.3436274450,0 -83.0342731571,42.3435746901,0 -83.0339483234,42.3431569430,0</coordinates></LinearRing></outerBoundaryIs></Polygon></Placemark><Placemark><name>Building OSM 59734737</name><description>Exact active runtime footprint; tagged or estimated height</description><styleUrl>#building</styleUrl><Polygon><altitudeMode>clampToGround</altitudeMode><outerBoundaryIs><LinearRing><coordinates>-83.0355548880,42.3433988461,0 -83.0354046202,42.3434629855,0 -83.0354068681,42.3434658640,0 -83.0353971425,42.3434701189,0 -83.0359684433,42.3442013118,0 -83.0359762303,42.3441979880,0 -83.0359792680,42.3442018778,0 -83.0361320005,42.3441365827,0 -83.0355548880,42.3433988461,0</coordinates></LinearRing></outerBoundaryIs></Polygon></Placemark><Placemark><name>Building OSM 59734743</name><description>Exact active runtime footprint; tagged or estimated height</description><styleUrl>#building</styleUrl><Polygon><altitudeMode>clampToGround</altitudeMode><outerBoundaryIs><LinearRing><coordinates>-83.0347027917,42.3431081298,0 -83.0345873950,42.3431565552,0 -83.0347469858,42.3433641455,0 -83.0348623217,42.3433156423,0 -83.0347027917,42.3431081298,0</coordinates></LinearRing></outerBoundaryIs></Polygon></Placemark><Placemark><name>Building OSM 60319876</name><description>Exact active runtime footprint; tagged or estimated height</description><styleUrl>#building</styleUrl><Polygon><altitudeMode>clampToGround</altitudeMode><outerBoundaryIs><LinearRing><coordinates>-83.0357225820,42.3460603987,0 -83.0356287066,42.3460386460,0 -83.0356341184,42.3460188061,0 -83.0355858453,42.3460089146,0 -83.0355830980,42.3460307291,0 -83.0355159917,42.3460168439,0 -83.0354785625,42.3461358219,0 -83.0356876640,42.3461734296,0 -83.0357225820,42.3460603987,0</coordinates></LinearRing></outerBoundaryIs></Polygon></Placemark><Placemark><name>Eastern Market parking garage OSM 229928055</name><description>Exact active runtime footprint; tagged or estimated height</description><styleUrl>#building</styleUrl><Polygon><altitudeMode>clampToGround</altitudeMode><outerBoundaryIs><LinearRing><coordinates>-83.0407157879,42.3481615427,0 -83.0400771487,42.3483938892,0 -83.0398897150,42.3481102219,0 -83.0398766353,42.3480905988,0 -83.0396999563,42.3478233978,0 -83.0403447281,42.3475908193,0 -83.0407157879,42.3481615427,0</coordinates></LinearRing></outerBoundaryIs></Polygon></Placemark><Placemark><name>Building OSM 229928056</name><description>Exact active runtime footprint; tagged or estimated height</description><styleUrl>#building</styleUrl><Polygon><altitudeMode>clampToGround</altitudeMode><outerBoundaryIs><LinearRing><coordinates>-83.0388162728,42.3481762080,0 -83.0387782274,42.3481903726,0 -83.0387294604,42.3482085947,0 -83.0387115301,42.3482143809,0 -83.0386892898,42.3482227328,0 -83.0386828990,42.3482251495,0 -83.0383310522,42.3483570736,0 -83.0384886067,42.3486019416,0 -83.0388303527,42.3484770258,0 -83.0388159039,42.3484552902,0 -83.0389654918,42.3484008802,0 -83.0388210648,42.3481836019,0 -83.0388162728,42.3481762080,0</coordinates></LinearRing></outerBoundaryIs></Polygon></Placemark><Placemark><name>St. Joseph&#x27;s Convent OSM 320398487</name><description>Exact active runtime footprint; tagged or estimated height</description><styleUrl>#building</styleUrl><Polygon><altitudeMode>clampToGround</altitudeMode><outerBoundaryIs><LinearRing><coordinates>-83.0365714850,42.3458109139,0 -83.0365996687,42.3457859182,0 -83.0364647281,42.3455822245,0 -83.0364122131,42.3456012167,0 -83.0364968401,42.3457289853,0 -83.0363758997,42.3457728272,0 -83.0364340918,42.3458606374,0 -83.0365714850,42.3458109139,0</coordinates></LinearRing></outerBoundaryIs></Polygon></Placemark><Placemark><name>Eastern Market Loft Bldg OSM 320398489</name><description>Exact active runtime footprint; tagged or estimated height</description><styleUrl>#building</styleUrl><Polygon><altitudeMode>clampToGround</altitudeMode><outerBoundaryIs><LinearRing><coordinates>-83.0369515751,42.3455112388,0 -83.0370426775,42.3453928975,0 -83.0369740791,42.3453639862,0 -83.0367892516,42.3454429807,0 -83.0369515751,42.3455112388,0</coordinates></LinearRing></outerBoundaryIs></Polygon></Placemark><Placemark><name>Building OSM 353045917</name><description>Exact active runtime footprint; tagged or estimated height</description><styleUrl>#building</styleUrl><Polygon><altitudeMode>clampToGround</altitudeMode><outerBoundaryIs><LinearRing><coordinates>-83.0343909689,42.3499479703,0 -83.0341574020,42.3498470546,0 -83.0343690088,42.3495474104,0 -83.0344175760,42.3495636074,0 -83.0345717397,42.3498210216,0 -83.0344659756,42.3499773619,0 -83.0343909689,42.3499479703,0</coordinates></LinearRing></outerBoundaryIs></Polygon></Placemark><Placemark><name>Building OSM 379396010</name><description>Exact active runtime footprint; tagged or estimated height</description><styleUrl>#building</styleUrl><Polygon><altitudeMode>clampToGround</altitudeMode><outerBoundaryIs><LinearRing><coordinates>-83.0391812706,42.3564562010,0 -83.0395245267,42.3563317816,0 -83.0402075663,42.3560844251,0 -83.0400422538,42.3558351925,0 -83.0390159136,42.3562070912,0 -83.0391812706,42.3564562010,0</coordinates></LinearRing></outerBoundaryIs></Polygon></Placemark><Placemark><name>Thorn Apple Valley Slaughterhouse OSM 379485630</name><description>Exact active runtime footprint; tagged or estimated height</description><styleUrl>#building</styleUrl><Polygon><altitudeMode>clampToGround</altitudeMode><outerBoundaryIs><LinearRing><coordinates>-83.0382456608,42.3506498139,0 -83.0387988016,42.3504553094,0 -83.0384763607,42.3499543884,0 -83.0383021273,42.3500156874,0 -83.0382214482,42.3498902791,0 -83.0381507316,42.3499150695,0 -83.0378050314,42.3493784361,0 -83.0374967798,42.3494867733,0 -83.0382456608,42.3506498139,0</coordinates></LinearRing></outerBoundaryIs></Polygon></Placemark><Placemark><name>Building OSM 379485632</name><description>Exact active runtime footprint; tagged or estimated height</description><styleUrl>#building</styleUrl><Polygon><altitudeMode>clampToGround</altitudeMode><outerBoundaryIs><LinearRing><coordinates>-83.0385051975,42.3532758990,0 -83.0383888251,42.3530997548,0 -83.0379934423,42.3532425857,0 -83.0379502012,42.3531773340,0 -83.0381993472,42.3530872752,0 -83.0379959903,42.3527798047,0 -83.0377382719,42.3528729000,0 -83.0376856950,42.3527865310,0 -83.0380872084,42.3526481368,0 -83.0379757408,42.3524780935,0 -83.0371932927,42.3527609313,0 -83.0372429825,42.3528358779,0 -83.0373060693,42.3528129956,0 -83.0377368724,42.3534638137,0 -83.0376800711,42.3534843242,0 -83.0377279664,42.3535566137,0 -83.0385051975,42.3532758990,0</coordinates></LinearRing></outerBoundaryIs></Polygon></Placemark><Placemark><name>Building OSM 379485633</name><description>Exact active runtime footprint; tagged or estimated height</description><styleUrl>#building</styleUrl><Polygon><altitudeMode>clampToGround</altitudeMode><outerBoundaryIs><LinearRing><coordinates>-83.0369481997,42.3521526226,0 -83.0372604162,42.3520394811,0 -83.0372941058,42.3520903461,0 -83.0374194822,42.3520448183,0 -83.0373879515,42.3519970771,0 -83.0380433452,42.3517639065,0 -83.0380822338,42.3518271781,0 -83.0381956540,42.3517859237,0 -83.0381553248,42.3517236819,0 -83.0383000721,42.3516713381,0 -83.0383255880,42.3517113775,0 -83.0384565296,42.3516639928,0 -83.0381692672,42.3512309352,0 -83.0373864915,42.3515144314,0 -83.0373378508,42.3514410078,0 -83.0372066988,42.3514884823,0 -83.0371987133,42.3514913721,0 -83.0371492217,42.3515093850,0 -83.0370080240,42.3515605249,0 -83.0370581390,42.3516360161,0 -83.0370019247,42.3516563798,0 -83.0370557056,42.3517374635,0 -83.0369448716,42.3517777178,0 -83.0369809794,42.3518322184,0 -83.0367831464,42.3519039017,0 -83.0367942331,42.3519204338,0 -83.0369481997,42.3521526226,0</coordinates></LinearRing></outerBoundaryIs></Polygon></Placemark><Placemark><name>Zion Congregational Church of God in Christ OSM 379485640</name><description>Exact active runtime footprint; tagged or estimated height</description><styleUrl>#building</styleUrl><Polygon><altitudeMode>clampToGround</altitudeMode><outerBoundaryIs><LinearRing><coordinates>-83.0376784211,42.3557853015,0 -83.0375269812,42.3555547312,0 -83.0377072527,42.3554900251,0 -83.0378586926,42.3557205953,0 -83.0376784211,42.3557853015,0</coordinates></LinearRing></outerBoundaryIs></Polygon></Placemark><Placemark><name>Building OSM 379485650</name><description>Exact active runtime footprint; tagged or estimated height</description><styleUrl>#building</styleUrl><Polygon><altitudeMode>clampToGround</altitudeMode><outerBoundaryIs><LinearRing><coordinates>-83.0398670390,42.3549302689,0 -83.0397673827,42.3547769671,0 -83.0399190894,42.3547265279,0 -83.0400135513,42.3548782090,0 -83.0398670390,42.3549302689,0</coordinates></LinearRing></outerBoundaryIs></Polygon></Placemark><Placemark><name>Building OSM 379485657</name><description>Exact active runtime footprint; tagged or estimated height</description><styleUrl>#building</styleUrl><Polygon><altitudeMode>clampToGround</altitudeMode><outerBoundaryIs><LinearRing><coordinates>-83.0388280588,42.3553255077,0 -83.0387737712,42.3552428769,0 -83.0387602811,42.3552477014,0 -83.0386077262,42.3553024442,0 -83.0384550661,42.3553572320,0 -83.0385093374,42.3554396623,0 -83.0388280588,42.3553255077,0</coordinates></LinearRing></outerBoundaryIs></Polygon></Placemark><Placemark><name>Building OSM 379485659</name><description>Exact active runtime footprint; tagged or estimated height</description><styleUrl>#building</styleUrl><Polygon><altitudeMode>clampToGround</altitudeMode><outerBoundaryIs><LinearRing><coordinates>-83.0369780192,42.3551543351,0 -83.0370832749,42.3551137650,0 -83.0369791763,42.3549660935,0 -83.0368740258,42.3550066187,0 -83.0369780192,42.3551543351,0</coordinates></LinearRing></outerBoundaryIs></Polygon></Placemark><Placemark><name>Building OSM 379485660</name><description>Exact active runtime footprint; tagged or estimated height</description><styleUrl>#building</styleUrl><Polygon><altitudeMode>clampToGround</altitudeMode><outerBoundaryIs><LinearRing><coordinates>-83.0400519777,42.3549398107,0 -83.0401600400,42.3549022955,0 -83.0401434407,42.3548688230,0 -83.0401037866,42.3548511036,0 -83.0399879280,42.3546651970,0 -83.0399001881,42.3546962163,0 -83.0399190894,42.3547265279,0 -83.0400135513,42.3548782090,0 -83.0400519777,42.3549398107,0</coordinates></LinearRing></outerBoundaryIs></Polygon></Placemark><Placemark><name>Building OSM 379485663</name><description>Exact active runtime footprint; tagged or estimated height</description><styleUrl>#building</styleUrl><Polygon><altitudeMode>clampToGround</altitudeMode><outerBoundaryIs><LinearRing><coordinates>-83.0361891800,42.3501345227,0 -83.0363172848,42.3500890750,0 -83.0362590351,42.3499992148,0 -83.0361308696,42.3500445847,0 -83.0361891800,42.3501345227,0</coordinates></LinearRing></outerBoundaryIs></Polygon></Placemark><Placemark><name>Building OSM 379485664</name><description>Exact active runtime footprint; tagged or estimated height</description><styleUrl>#building</styleUrl><Polygon><altitudeMode>clampToGround</altitudeMode><outerBoundaryIs><LinearRing><coordinates>-83.0391709417,42.3545735892,0 -83.0396997666,42.3543806467,0 -83.0394634265,42.3540269885,0 -83.0389346623,42.3542200088,0 -83.0390529376,42.3543967930,0 -83.0391709417,42.3545735892,0</coordinates></LinearRing></outerBoundaryIs></Polygon></Placemark><Placemark><name>Building OSM 379485684</name><description>Exact active runtime footprint; tagged or estimated height</description><styleUrl>#building</styleUrl><Polygon><altitudeMode>clampToGround</altitudeMode><outerBoundaryIs><LinearRing><coordinates>-83.0348236229,42.3498726281,0 -83.0351476435,42.3497499879,0 -83.0350861436,42.3496609964,0 -83.0350565654,42.3496721692,0 -83.0350013156,42.3495924385,0 -83.0347302103,42.3496949821,0 -83.0347849133,42.3497740126,0 -83.0347615154,42.3497828586,0 -83.0348236229,42.3498726281,0</coordinates></LinearRing></outerBoundaryIs></Polygon></Placemark><Placemark><name>Building OSM 383551464</name><description>Exact active runtime footprint; tagged or estimated height</description><styleUrl>#building</styleUrl><Polygon><altitudeMode>clampToGround</altitudeMode><outerBoundaryIs><LinearRing><coordinates>-83.0359234332,42.3475633672,0 -83.0362745574,42.3480896984,0 -83.0360606310,42.3481743709,0 -83.0357939254,42.3477712295,0 -83.0357567234,42.3477327551,0 -83.0358666482,42.3475840782,0 -83.0359234332,42.3475633672,0</coordinates></LinearRing></outerBoundaryIs></Polygon></Placemark><Placemark><name>Building OSM 383551465</name><description>Exact active runtime footprint; tagged or estimated height</description><styleUrl>#building</styleUrl><Polygon><altitudeMode>clampToGround</altitudeMode><outerBoundaryIs><LinearRing><coordinates>-83.0357939254,42.3477712295,0 -83.0356878267,42.3478094625,0 -83.0357730330,42.3479383323,0 -83.0357217807,42.3479567855,0 -83.0356673214,42.3479357388,0 -83.0355707334,42.3480716695,0 -83.0356447761,42.3481837289,0 -83.0355861252,42.3482049252,0 -83.0356613992,42.3483187410,0 -83.0360606310,42.3481743709,0 -83.0357939254,42.3477712295,0</coordinates></LinearRing></outerBoundaryIs></Polygon></Placemark><Placemark><name>Building OSM 383551470</name><description>Exact active runtime footprint; tagged or estimated height</description><styleUrl>#building</styleUrl><Polygon><altitudeMode>clampToGround</altitudeMode><outerBoundaryIs><LinearRing><coordinates>-83.0358990307,42.3464219868,0 -83.0360075472,42.3465825020,0 -83.0358370469,42.3466455269,0 -83.0357283644,42.3464849789,0 -83.0358990307,42.3464219868,0</coordinates></LinearRing></outerBoundaryIs></Polygon></Placemark><Placemark><name>Building OSM 383551471</name><description>Exact active runtime footprint; tagged or estimated height</description><styleUrl>#building</styleUrl><Polygon><altitudeMode>clampToGround</altitudeMode><outerBoundaryIs><LinearRing><coordinates>-83.0357215521,42.3463273156,0 -83.0357918864,42.3464292366,0 -83.0357097975,42.3464601258,0 -83.0356394631,42.3463582049,0 -83.0357215521,42.3463273156,0</coordinates></LinearRing></outerBoundaryIs></Polygon></Placemark><Placemark><name>Building OSM 609835478</name><description>Exact active runtime footprint; tagged or estimated height</description><styleUrl>#building</styleUrl><Polygon><altitudeMode>clampToGround</altitudeMode><outerBoundaryIs><LinearRing><coordinates>-83.0349559559,42.3436777259,0 -83.0353109765,42.3435272283,0 -83.0352233644,42.3434143222,0 -83.0348683439,42.3435648198,0 -83.0349559559,42.3436777259,0</coordinates></LinearRing></outerBoundaryIs></Polygon></Placemark><Placemark><name>Building OSM 609835479</name><description>Exact active runtime footprint; tagged or estimated height</description><styleUrl>#building</styleUrl><Polygon><altitudeMode>clampToGround</altitudeMode><outerBoundaryIs><LinearRing><coordinates>-83.0344056736,42.3439014026,0 -83.0344289381,42.3439304743,0 -83.0344796262,42.3439084240,0 -83.0344660498,42.3438913987,0 -83.0347446682,42.3437700891,0 -83.0346561622,42.3436589129,0 -83.0343021876,42.3438129058,0 -83.0343811714,42.3439120685,0 -83.0344056736,42.3439014026,0</coordinates></LinearRing></outerBoundaryIs></Polygon></Placemark><Placemark><name>Brookings Construction Trade School OSM 624229606</name><description>Exact active runtime footprint; tagged or estimated height</description><styleUrl>#building</styleUrl><Polygon><altitudeMode>clampToGround</altitudeMode><outerBoundaryIs><LinearRing><coordinates>-83.0359898239,42.3490549563,0 -83.0359579939,42.3490075504,0 -83.0358199743,42.3487981174,0 -83.0356938701,42.3488454081,0 -83.0358590559,42.3491011259,0 -83.0359898239,42.3490549563,0</coordinates></LinearRing></outerBoundaryIs></Polygon></Placemark><Placemark><name>Building OSM 624229607</name><description>Exact active runtime footprint; tagged or estimated height</description><styleUrl>#building</styleUrl><Polygon><altitudeMode>clampToGround</altitudeMode><outerBoundaryIs><LinearRing><coordinates>-83.0362752752,42.3486342755,0 -83.0358199743,42.3487981174,0 -83.0359579939,42.3490075504,0 -83.0360900203,42.3489601176,0 -83.0360407840,42.3488853923,0 -83.0360713581,42.3488744168,0 -83.0361347112,42.3489708119,0 -83.0361227997,42.3489749626,0 -83.0361032953,42.3489821468,0 -83.0361210617,42.3490092086,0 -83.0364452995,42.3488925957,0 -83.0362752752,42.3486342755,0</coordinates></LinearRing></outerBoundaryIs></Polygon></Placemark><Placemark><name>Building OSM 631143363</name><description>Exact active runtime footprint; tagged or estimated height</description><styleUrl>#building</styleUrl><Polygon><altitudeMode>clampToGround</altitudeMode><outerBoundaryIs><LinearRing><coordinates>-83.0389723419,42.3467405897,0 -83.0388155409,42.3467960039,0 -83.0387253996,42.3466660250,0 -83.0388051051,42.3466372941,0 -83.0388878178,42.3466073833,0 -83.0389723419,42.3467405897,0</coordinates></LinearRing></outerBoundaryIs></Polygon></Placemark><Placemark><name>Building OSM 731550782</name><description>Exact active runtime footprint; tagged or estimated height</description><styleUrl>#building</styleUrl><Polygon><altitudeMode>clampToGround</altitudeMode><outerBoundaryIs><LinearRing><coordinates>-83.0378704835,42.3491902391,0 -83.0374266407,42.3493497089,0 -83.0372685417,42.3491095337,0 -83.0373371938,42.3490847946,0 -83.0373077614,42.3490400995,0 -83.0377360985,42.3488861070,0 -83.0378004844,42.3489838246,0 -83.0375748860,42.3490648697,0 -83.0376268161,42.3491439427,0 -83.0376828807,42.3491237466,0 -83.0377203133,42.3491804825,0 -83.0378365791,42.3491387396,0 -83.0378704835,42.3491902391,0</coordinates></LinearRing></outerBoundaryIs></Polygon></Placemark><Placemark><name>Building OSM 731550786</name><description>Exact active runtime footprint; tagged or estimated height</description><styleUrl>#building</styleUrl><Polygon><altitudeMode>clampToGround</altitudeMode><outerBoundaryIs><LinearRing><coordinates>-83.0403322821,42.3495932076,0 -83.0401646565,42.3493402946,0 -83.0398272293,42.3494640931,0 -83.0399928444,42.3497110182,0 -83.0400887501,42.3496820111,0 -83.0403322821,42.3495932076,0</coordinates></LinearRing></outerBoundaryIs></Polygon></Placemark><Placemark><name>Building OSM 771478700</name><description>Exact active runtime footprint; tagged or estimated height</description><styleUrl>#building</styleUrl><Polygon><altitudeMode>clampToGround</altitudeMode><outerBoundaryIs><LinearRing><coordinates>-83.0425850471,42.3531879045,0 -83.0425011904,42.3530629189,0 -83.0422542467,42.3531532824,0 -83.0423394888,42.3532805810,0 -83.0424352825,42.3532455017,0 -83.0424487104,42.3532653911,0 -83.0424930739,42.3532492559,0 -83.0424781999,42.3532269757,0 -83.0425850471,42.3531879045,0</coordinates></LinearRing></outerBoundaryIs></Polygon></Placemark><Placemark><name>Building OSM 776885173</name><description>Exact active runtime footprint; tagged or estimated height</description><styleUrl>#building</styleUrl><Polygon><altitudeMode>clampToGround</altitudeMode><outerBoundaryIs><LinearRing><coordinates>-83.0346659136,42.3442369762,0 -83.0346396113,42.3442040148,0 -83.0346906151,42.3441818297,0 -83.0347059533,42.3442011111,0 -83.0349840011,42.3440801488,0 -83.0350730538,42.3441920251,0 -83.0347195608,42.3443459161,0 -83.0346413061,42.3442476870,0 -83.0346659136,42.3442369762,0</coordinates></LinearRing></outerBoundaryIs></Polygon></Placemark><Placemark><name>Church of Christ Elmwood Park OSM 864307805</name><description>Exact active runtime footprint; tagged or estimated height</description><styleUrl>#building</styleUrl><Polygon><altitudeMode>clampToGround</altitudeMode><outerBoundaryIs><LinearRing><coordinates>-83.0336378415,42.3461981053,0 -83.0336222047,42.3461717941,0 -83.0335885171,42.3461162604,0 -83.0335392274,42.3460676974,0 -83.0335197613,42.3460512152,0 -83.0335687550,42.3460331037,0 -83.0339315387,42.3458803298,0 -83.0339799892,42.3459447064,0 -83.0340029781,42.3459355164,0 -83.0340135092,42.3459498998,0 -83.0339906136,42.3459595687,0 -83.0340436161,42.3460189943,0 -83.0336378415,42.3461981053,0</coordinates></LinearRing></outerBoundaryIs></Polygon></Placemark><Placemark><name>Building OSM 864307810</name><description>Exact active runtime footprint; tagged or estimated height</description><styleUrl>#building</styleUrl><Polygon><altitudeMode>clampToGround</altitudeMode><outerBoundaryIs><LinearRing><coordinates>-83.0370073619,42.3474743377,0 -83.0371993215,42.3474033979,0 -83.0373761317,42.3476648380,0 -83.0371841558,42.3477355772,0 -83.0370073619,42.3474743377,0</coordinates></LinearRing></outerBoundaryIs></Polygon></Placemark><Placemark><name>Building OSM 864307811</name><description>Exact active runtime footprint; tagged or estimated height</description><styleUrl>#building</styleUrl><Polygon><altitudeMode>clampToGround</altitudeMode><outerBoundaryIs><LinearRing><coordinates>-83.0369885029,42.3470931997,0 -83.0371162559,42.3472821201,0 -83.0369096043,42.3473585011,0 -83.0367610893,42.3474133867,0 -83.0366924861,42.3474387272,0 -83.0365940516,42.3472930984,0 -83.0366541643,42.3472168210,0 -83.0366616681,42.3472140330,0 -83.0369885029,42.3470931997,0</coordinates></LinearRing></outerBoundaryIs></Polygon></Placemark><Placemark><name>Building OSM 864307812</name><description>Exact active runtime footprint; tagged or estimated height</description><styleUrl>#building</styleUrl><Polygon><altitudeMode>clampToGround</altitudeMode><outerBoundaryIs><LinearRing><coordinates>-83.0369906706,42.3474806323,0 -83.0369096043,42.3473585011,0 -83.0367610893,42.3474133867,0 -83.0368416534,42.3475346950,0 -83.0369906706,42.3474806323,0</coordinates></LinearRing></outerBoundaryIs></Polygon></Placemark><Placemark><name>Building OSM 864307813</name><description>Exact active runtime footprint; tagged or estimated height</description><styleUrl>#building</styleUrl><Polygon><altitudeMode>clampToGround</altitudeMode><outerBoundaryIs><LinearRing><coordinates>-83.0369885029,42.3470931997,0 -83.0368703015,42.3469186661,0 -83.0366531483,42.3471982724,0 -83.0366616681,42.3472140330,0 -83.0369885029,42.3470931997,0</coordinates></LinearRing></outerBoundaryIs></Polygon></Placemark><Placemark><name>Building OSM 864307818</name><description>Exact active runtime footprint; tagged or estimated height</description><styleUrl>#building</styleUrl><Polygon><altitudeMode>clampToGround</altitudeMode><outerBoundaryIs><LinearRing><coordinates>-83.0377517365,42.3482519812,0 -83.0376651729,42.3481204752,0 -83.0374271518,42.3482033997,0 -83.0374121944,42.3482223351,0 -83.0374234796,42.3482393011,0 -83.0373512346,42.3482680632,0 -83.0373254763,42.3482478356,0 -83.0373057571,42.3482543853,0 -83.0373922826,42.3483820697,0 -83.0377517365,42.3482519812,0</coordinates></LinearRing></outerBoundaryIs></Polygon></Placemark><Placemark><name>Building OSM 864307819</name><description>Exact active runtime footprint; tagged or estimated height</description><styleUrl>#building</styleUrl><Polygon><altitudeMode>clampToGround</altitudeMode><outerBoundaryIs><LinearRing><coordinates>-83.0377517365,42.3482519812,0 -83.0377882446,42.3483053775,0 -83.0376250496,42.3483651805,0 -83.0376373676,42.3483834690,0 -83.0375883132,42.3484015028,0 -83.0375308480,42.3484218818,0 -83.0375716708,42.3484834979,0 -83.0374812437,42.3485162865,0 -83.0373922826,42.3483820697,0 -83.0377517365,42.3482519812,0</coordinates></LinearRing></outerBoundaryIs></Polygon></Placemark><Placemark><name>Building OSM 866036987</name><description>Exact active runtime footprint; tagged or estimated height</description><styleUrl>#building</styleUrl><Polygon><altitudeMode>clampToGround</altitudeMode><outerBoundaryIs><LinearRing><coordinates>-83.0422409861,42.3533138085,0 -83.0421393185,42.3531618838,0 -83.0419097138,42.3532458836,0 -83.0420114866,42.3533977634,0 -83.0421263193,42.3533558024,0 -83.0422409861,42.3533138085,0</coordinates></LinearRing></outerBoundaryIs></Polygon></Placemark><Placemark><name>St. Joseph Shrine OSM 866036994</name><description>Exact active runtime footprint; tagged or estimated height</description><styleUrl>#building</styleUrl><Polygon><altitudeMode>clampToGround</altitudeMode><outerBoundaryIs><LinearRing><coordinates>-83.0359099752,42.3455315816,0 -83.0356595367,42.3451893349,0 -83.0356211963,42.3452045589,0 -83.0356148377,42.3451973151,0 -83.0356028781,42.3451934992,0 -83.0355905608,42.3451953337,0 -83.0355642417,42.3451795983,0 -83.0355238004,42.3451763219,0 -83.0354924734,42.3451874113,0 -83.0354741303,42.3452122521,0 -83.0354815906,42.3452397713,0 -83.0354712511,42.3452471927,0 -83.0354717851,42.3452557816,0 -83.0354756377,42.3452623318,0 -83.0353874704,42.3452974751,0 -83.0354285014,42.3453536086,0 -83.0354714720,42.3453364083,0 -83.0356840268,42.3456270906,0 -83.0357475052,42.3456016555,0 -83.0357877464,42.3456567776,0 -83.0358841823,42.3456182087,0 -83.0358410086,42.3455591518,0 -83.0359099752,42.3455315816,0</coordinates></LinearRing></outerBoundaryIs></Polygon></Placemark><Placemark><name>Building OSM 866036995</name><description>Exact active runtime footprint; tagged or estimated height</description><styleUrl>#building</styleUrl><Polygon><altitudeMode>clampToGround</altitudeMode><outerBoundaryIs><LinearRing><coordinates>-83.0354058217,42.3455717824,0 -83.0352617657,42.3456312996,0 -83.0354148613,42.3458339864,0 -83.0355589173,42.3457744692,0 -83.0354058217,42.3455717824,0</coordinates></LinearRing></outerBoundaryIs></Polygon></Placemark><Placemark><name>Building OSM 866036997</name><description>Exact active runtime footprint; tagged or estimated height</description><styleUrl>#building</styleUrl><Polygon><altitudeMode>clampToGround</altitudeMode><outerBoundaryIs><LinearRing><coordinates>-83.0352362905,42.3456105362,0 -83.0351608674,42.3455170110,0 -83.0352229322,42.3454895861,0 -83.0352819560,42.3455628306,0 -83.0353105903,42.3455500899,0 -83.0353269451,42.3455704933,0 -83.0352362905,42.3456105362,0</coordinates></LinearRing></outerBoundaryIs></Polygon></Placemark><Placemark><name>Building OSM 866036998</name><description>Exact active runtime footprint; tagged or estimated height</description><styleUrl>#building</styleUrl><Polygon><altitudeMode>clampToGround</altitudeMode><outerBoundaryIs><LinearRing><coordinates>-83.0353370461,42.3453583108,0 -83.0353211686,42.3453370813,0 -83.0353345490,42.3453315776,0 -83.0352721369,42.3452487841,0 -83.0351493536,42.3452994289,0 -83.0352126770,42.3453833893,0 -83.0352265836,42.3453776609,0 -83.0352415942,42.3453976008,0 -83.0353370461,42.3453583108,0</coordinates></LinearRing></outerBoundaryIs></Polygon></Placemark><Placemark><name>Building OSM 867746554</name><description>Exact active runtime footprint; tagged or estimated height</description><styleUrl>#building</styleUrl><Polygon><altitudeMode>clampToGround</altitudeMode><outerBoundaryIs><LinearRing><coordinates>-83.0386996473,42.3468745152,0 -83.0383259179,42.3470091409,0 -83.0383396213,42.3470297425,0 -83.0382749398,42.3470530979,0 -83.0382643502,42.3470440295,0 -83.0380205264,42.3471319203,0 -83.0381929809,42.3473933524,0 -83.0386257214,42.3472372729,0 -83.0385345361,42.3470991301,0 -83.0385610789,42.3470894604,0 -83.0386047222,42.3470738401,0 -83.0386464550,42.3470588277,0 -83.0386813598,42.3470462112,0 -83.0386668947,42.3470242751,0 -83.0386983714,42.3470130180,0 -83.0387462846,42.3469956789,0 -83.0387732646,42.3469860300,0 -83.0386996473,42.3468745152,0</coordinates></LinearRing></outerBoundaryIs></Polygon></Placemark><Placemark><name>Building OSM 868051559</name><description>Exact active runtime footprint; tagged or estimated height</description><styleUrl>#building</styleUrl><Polygon><altitudeMode>clampToGround</altitudeMode><outerBoundaryIs><LinearRing><coordinates>-83.0383284003,42.3478892510,0 -83.0378435375,42.3480644663,0 -83.0380111067,42.3483180257,0 -83.0382598544,42.3482244028,0 -83.0382904850,42.3482127808,0 -83.0385092336,42.3481305103,0 -83.0383528897,42.3478864740,0 -83.0383284003,42.3478892510,0</coordinates></LinearRing></outerBoundaryIs></Polygon></Placemark><Placemark><name>Schmidt Brewing Co. Bldg OSM 880565329</name><description>Exact active runtime footprint; tagged or estimated height</description><styleUrl>#building</styleUrl><Polygon><altitudeMode>clampToGround</altitudeMode><outerBoundaryIs><LinearRing><coordinates>-83.0376243758,42.3508733009,0 -83.0375379079,42.3507476665,0 -83.0373841041,42.3505174829,0 -83.0372980568,42.3503816074,0 -83.0376467122,42.3502552983,0 -83.0379730312,42.3507469918,0 -83.0376243758,42.3508733009,0</coordinates></LinearRing></outerBoundaryIs></Polygon></Placemark><Placemark><name>Building OSM 880565330</name><description>Exact active runtime footprint; tagged or estimated height</description><styleUrl>#building</styleUrl><Polygon><altitudeMode>clampToGround</altitudeMode><outerBoundaryIs><LinearRing><coordinates>-83.0367595873,42.3509150566,0 -83.0366448837,42.3509559252,0 -83.0367914958,42.3511806728,0 -83.0369061550,42.3511399269,0 -83.0368052054,42.3509820944,0 -83.0367735370,42.3509339971,0 -83.0367595873,42.3509150566,0</coordinates></LinearRing></outerBoundaryIs></Polygon></Placemark><Placemark><name>Building OSM 880565331</name><description>Exact active runtime footprint; tagged or estimated height</description><styleUrl>#building</styleUrl><Polygon><altitudeMode>clampToGround</altitudeMode><outerBoundaryIs><LinearRing><coordinates>-83.0362886382,42.3508579984,0 -83.0362433867,42.3507867587,0 -83.0362344546,42.3507726263,0 -83.0359754071,42.3508627622,0 -83.0361198908,42.3510894556,0 -83.0362684394,42.3510376675,0 -83.0362610210,42.3510321207,0 -83.0361752374,42.3508974811,0 -83.0362886382,42.3508579984,0</coordinates></LinearRing></outerBoundaryIs></Polygon></Placemark><Placemark><name>Building OSM 880565332</name><description>Exact active runtime footprint; tagged or estimated height</description><styleUrl>#building</styleUrl><Polygon><altitudeMode>clampToGround</altitudeMode><outerBoundaryIs><LinearRing><coordinates>-83.0374140402,42.3506407963,0 -83.0374958757,42.3507630141,0 -83.0368803914,42.3509862035,0 -83.0368638726,42.3509610986,0 -83.0368052054,42.3509820944,0 -83.0367735370,42.3509339971,0 -83.0368150593,42.3509190746,0 -83.0368057953,42.3509048764,0 -83.0368190749,42.3509001418,0 -83.0367953621,42.3508642079,0 -83.0370827000,42.3507617892,0 -83.0374140402,42.3506407963,0</coordinates></LinearRing></outerBoundaryIs></Polygon></Placemark><Placemark><name>Building OSM 880565333</name><description>Exact active runtime footprint; tagged or estimated height</description><styleUrl>#building</styleUrl><Polygon><altitudeMode>clampToGround</altitudeMode><outerBoundaryIs><LinearRing><coordinates>-83.0365358303,42.3509389914,0 -83.0364071503,42.3507312770,0 -83.0362433867,42.3507867587,0 -83.0362886382,42.3508579984,0 -83.0361752374,42.3508974811,0 -83.0362610210,42.3510321207,0 -83.0365358303,42.3509389914,0</coordinates></LinearRing></outerBoundaryIs></Polygon></Placemark><Placemark><name>Building OSM 880565334</name><description>Exact active runtime footprint; tagged or estimated height</description><styleUrl>#building</styleUrl><Polygon><altitudeMode>clampToGround</altitudeMode><outerBoundaryIs><LinearRing><coordinates>-83.0364071503,42.3507312770,0 -83.0363978581,42.3507174020,0 -83.0370106140,42.3504941325,0 -83.0370531955,42.3505599769,0 -83.0370298540,42.3505681765,0 -83.0370699978,42.3506321571,0 -83.0371059515,42.3506861011,0 -83.0370744466,42.3506976814,0 -83.0371034939,42.3507409850,0 -83.0370755831,42.3507512386,0 -83.0365358303,42.3509389914,0 -83.0364071503,42.3507312770,0</coordinates></LinearRing></outerBoundaryIs></Polygon></Placemark><Placemark><name>Building OSM 880565335</name><description>Exact active runtime footprint; tagged or estimated height</description><styleUrl>#building</styleUrl><Polygon><altitudeMode>clampToGround</altitudeMode><outerBoundaryIs><LinearRing><coordinates>-83.0370699978,42.3506321571,0 -83.0373841041,42.3505174829,0 -83.0375379079,42.3507476665,0 -83.0374958757,42.3507630141,0 -83.0374140402,42.3506407963,0 -83.0370827000,42.3507617892,0 -83.0370755831,42.3507512386,0 -83.0371034939,42.3507409850,0 -83.0370744466,42.3506976814,0 -83.0371059515,42.3506861011,0 -83.0370699978,42.3506321571,0</coordinates></LinearRing></outerBoundaryIs></Polygon></Placemark><Placemark><name>Building OSM 880565341</name><description>Exact active runtime footprint; tagged or estimated height</description><styleUrl>#building</styleUrl><Polygon><altitudeMode>clampToGround</altitudeMode><outerBoundaryIs><LinearRing><coordinates>-83.0350186980,42.3505266623,0 -83.0348928964,42.3505716456,0 -83.0349421370,42.3506470950,0 -83.0350505389,42.3506083976,0 -83.0350277656,42.3505733075,0 -83.0350450601,42.3505670666,0 -83.0350186980,42.3505266623,0</coordinates></LinearRing></outerBoundaryIs></Polygon></Placemark><Placemark><name>Building OSM 881116157</name><description>Exact active runtime footprint; tagged or estimated height</description><styleUrl>#building</styleUrl><Polygon><altitudeMode>clampToGround</altitudeMode><outerBoundaryIs><LinearRing><coordinates>-83.0368111947,42.3456079814,0 -83.0366104678,42.3455219886,0 -83.0365054682,42.3455650427,0 -83.0365552272,42.3456314540,0 -83.0366217366,42.3456037916,0 -83.0367221260,42.3456461027,0 -83.0367914956,42.3456328824,0 -83.0368111947,42.3456079814,0</coordinates></LinearRing></outerBoundaryIs></Polygon></Placemark><Placemark><name>Building OSM 881116161</name><description>Exact active runtime footprint; tagged or estimated height</description><styleUrl>#building</styleUrl><Polygon><altitudeMode>clampToGround</altitudeMode><outerBoundaryIs><LinearRing><coordinates>-83.0370273293,42.3448464744,0 -83.0371324561,42.3449846827,0 -83.0368968016,42.3450826750,0 -83.0369560501,42.3451606988,0 -83.0369514107,42.3451786532,0 -83.0368875320,42.3452051927,0 -83.0367137843,42.3449767794,0 -83.0370273293,42.3448464744,0</coordinates></LinearRing></outerBoundaryIs></Polygon></Placemark><Placemark><name>DHC Maintenance Warehouse OSM 881116162</name><description>Exact active runtime footprint; tagged or estimated height</description><styleUrl>#building</styleUrl><Polygon><altitudeMode>clampToGround</altitudeMode><outerBoundaryIs><LinearRing><coordinates>-83.0372560706,42.3446941752,0 -83.0370659605,42.3444466065,0 -83.0364382848,42.3447100597,0 -83.0366286660,42.3449576163,0 -83.0372560706,42.3446941752,0</coordinates></LinearRing></outerBoundaryIs></Polygon></Placemark><Placemark><name>Building OSM 881116176</name><description>Exact active runtime footprint; tagged or estimated height</description><styleUrl>#building</styleUrl><Polygon><altitudeMode>clampToGround</altitudeMode><outerBoundaryIs><LinearRing><coordinates>-83.0345774726,42.3434259193,0 -83.0344967020,42.3433228516,0 -83.0342771043,42.3434167909,0 -83.0343577697,42.3435199035,0 -83.0345774726,42.3434259193,0</coordinates></LinearRing></outerBoundaryIs></Polygon></Placemark><Placemark><name>DHC Administrative Office OSM 881116182</name><description>Exact active runtime footprint; tagged or estimated height</description><styleUrl>#building</styleUrl><Polygon><altitudeMode>clampToGround</altitudeMode><outerBoundaryIs><LinearRing><coordinates>-83.0365338480,42.3451797157,0 -83.0363410047,42.3448837317,0 -83.0362775089,42.3449062698,0 -83.0361449238,42.3449535262,0 -83.0362022578,42.3450414952,0 -83.0361430482,42.3450625151,0 -83.0362217093,42.3451831834,0 -83.0362866784,42.3451600164,0 -83.0363435872,42.3452474409,0 -83.0365338480,42.3451797157,0</coordinates></LinearRing></outerBoundaryIs></Polygon></Placemark><Placemark><name>Building OSM 881171239</name><description>Exact active runtime footprint; tagged or estimated height</description><styleUrl>#building</styleUrl><Polygon><altitudeMode>clampToGround</altitudeMode><outerBoundaryIs><LinearRing><coordinates>-83.0367892516,42.3454429807,0 -83.0367015216,42.3454781448,0 -83.0369092090,42.3455687388,0 -83.0369515751,42.3455112388,0 -83.0367892516,42.3454429807,0</coordinates></LinearRing></outerBoundaryIs></Polygon></Placemark><Placemark><name>Building OSM 881356009</name><description>Exact active runtime footprint; tagged or estimated height</description><styleUrl>#building</styleUrl><Polygon><altitudeMode>clampToGround</altitudeMode><outerBoundaryIs><LinearRing><coordinates>-83.0353977855,42.3512666663,0 -83.0353574226,42.3512013271,0 -83.0351275074,42.3512788209,0 -83.0351678096,42.3513440823,0 -83.0353977855,42.3512666663,0</coordinates></LinearRing></outerBoundaryIs></Polygon></Placemark><Placemark><name>Building OSM 881454102</name><description>Exact active runtime footprint; tagged or estimated height</description><styleUrl>#building</styleUrl><Polygon><altitudeMode>clampToGround</altitudeMode><outerBoundaryIs><LinearRing><coordinates>-83.0389230979,42.3461716037,0 -83.0388704962,42.3460936471,0 -83.0384457338,42.3462480847,0 -83.0384662429,42.3462800958,0 -83.0384971866,42.3463279838,0 -83.0389230979,42.3461716037,0</coordinates></LinearRing></outerBoundaryIs></Polygon></Placemark><Placemark><name>Building OSM 881454103</name><description>Exact active runtime footprint; tagged or estimated height</description><styleUrl>#building</styleUrl><Polygon><altitudeMode>clampToGround</altitudeMode><outerBoundaryIs><LinearRing><coordinates>-83.0388704962,42.3460936471,0 -83.0388187600,42.3460042223,0 -83.0386187585,42.3460786983,0 -83.0386252441,42.3460895184,0 -83.0383956958,42.3461728718,0 -83.0384457338,42.3462480847,0 -83.0388704962,42.3460936471,0</coordinates></LinearRing></outerBoundaryIs></Polygon></Placemark><Placemark><name>Building OSM 881454104</name><description>Exact active runtime footprint; tagged or estimated height</description><styleUrl>#building</styleUrl><Polygon><altitudeMode>clampToGround</altitudeMode><outerBoundaryIs><LinearRing><coordinates>-83.0383911337,42.3461636165,0 -83.0383357048,42.3460816803,0 -83.0387701647,42.3459233109,0 -83.0388187600,42.3460042223,0 -83.0386187585,42.3460786983,0 -83.0383911337,42.3461636165,0</coordinates></LinearRing></outerBoundaryIs></Polygon></Placemark><Placemark><name>Building OSM 881454105</name><description>Exact active runtime footprint; tagged or estimated height</description><styleUrl>#building</styleUrl><Polygon><altitudeMode>clampToGround</altitudeMode><outerBoundaryIs><LinearRing><coordinates>-83.0387701647,42.3459233109,0 -83.0387172752,42.3458351044,0 -83.0382771112,42.3459922780,0 -83.0383357048,42.3460816803,0 -83.0387701647,42.3459233109,0</coordinates></LinearRing></outerBoundaryIs></Polygon></Placemark><Placemark><name>Building OSM 881454106</name><description>Exact active runtime footprint; tagged or estimated height</description><styleUrl>#building</styleUrl><Polygon><altitudeMode>clampToGround</altitudeMode><outerBoundaryIs><LinearRing><coordinates>-83.0388051051,42.3466372941,0 -83.0387200322,42.3465080562,0 -83.0386760288,42.3465239339,0 -83.0386402659,42.3465367093,0 -83.0387253996,42.3466660250,0 -83.0388051051,42.3466372941,0</coordinates></LinearRing></outerBoundaryIs></Polygon></Placemark><Placemark><name>Building OSM 881454109</name><description>Exact active runtime footprint; tagged or estimated height</description><styleUrl>#building</styleUrl><Polygon><altitudeMode>clampToGround</altitudeMode><outerBoundaryIs><LinearRing><coordinates>-83.0382543187,42.3462117447,0 -83.0381675729,42.3460800053,0 -83.0377370704,42.3462348183,0 -83.0377646477,42.3462767785,0 -83.0378238163,42.3463665578,0 -83.0382543187,42.3462117447,0</coordinates></LinearRing></outerBoundaryIs></Polygon></Placemark><Placemark><name>Building OSM 881454110</name><description>Exact active runtime footprint; tagged or estimated height</description><styleUrl>#building</styleUrl><Polygon><altitudeMode>clampToGround</altitudeMode><outerBoundaryIs><LinearRing><coordinates>-83.0382543187,42.3462117447,0 -83.0383515317,42.3463597620,0 -83.0383681883,42.3463852230,0 -83.0379381068,42.3465398564,0 -83.0378238163,42.3463665578,0 -83.0382543187,42.3462117447,0</coordinates></LinearRing></outerBoundaryIs></Polygon></Placemark><Placemark><name>Building OSM 881454111</name><description>Exact active runtime footprint; tagged or estimated height</description><styleUrl>#building</styleUrl><Polygon><altitudeMode>clampToGround</altitudeMode><outerBoundaryIs><LinearRing><coordinates>-83.0383681883,42.3463852230,0 -83.0383952350,42.3464266836,0 -83.0384178097,42.3464613398,0 -83.0379884811,42.3466158593,0 -83.0379381068,42.3465398564,0 -83.0383681883,42.3463852230,0</coordinates></LinearRing></outerBoundaryIs></Polygon></Placemark><Placemark><name>Building OSM 881454112</name><description>Exact active runtime footprint; tagged or estimated height</description><styleUrl>#building</styleUrl><Polygon><altitudeMode>clampToGround</altitudeMode><outerBoundaryIs><LinearRing><coordinates>-83.0378349728,42.3466749507,0 -83.0378676747,42.3466419065,0 -83.0379041073,42.3466051953,0 -83.0376902614,42.3462778257,0 -83.0373609802,42.3463953465,0 -83.0373959110,42.3464521129,0 -83.0376004135,42.3467596132,0 -83.0378349728,42.3466749507,0</coordinates></LinearRing></outerBoundaryIs></Polygon></Placemark><Placemark><name>Building OSM 881454113</name><description>Exact active runtime footprint; tagged or estimated height</description><styleUrl>#building</styleUrl><Polygon><altitudeMode>clampToGround</altitudeMode><outerBoundaryIs><LinearRing><coordinates>-83.0373959110,42.3464521129,0 -83.0371994178,42.3465235356,0 -83.0374017463,42.3468304079,0 -83.0376004135,42.3467596132,0 -83.0373959110,42.3464521129,0</coordinates></LinearRing></outerBoundaryIs></Polygon></Placemark><Placemark><name>Building OSM 881454114</name><description>Exact active runtime footprint; tagged or estimated height</description><styleUrl>#building</styleUrl><Polygon><altitudeMode>clampToGround</altitudeMode><outerBoundaryIs><LinearRing><coordinates>-83.0373459810,42.3468502687,0 -83.0372886156,42.3467645951,0 -83.0371972577,42.3467979884,0 -83.0370555220,42.3468498767,0 -83.0370694522,42.3468705889,0 -83.0370901511,42.3469015855,0 -83.0370834568,42.3469136746,0 -83.0370943612,42.3469299733,0 -83.0371104334,42.3469334859,0 -83.0371120456,42.3469359096,0 -83.0372381867,42.3468897442,0 -83.0373459810,42.3468502687,0</coordinates></LinearRing></outerBoundaryIs></Polygon></Placemark><Placemark><name>Building OSM 881454115</name><description>Exact active runtime footprint; tagged or estimated height</description><styleUrl>#building</styleUrl><Polygon><altitudeMode>clampToGround</altitudeMode><outerBoundaryIs><LinearRing><coordinates>-83.0371994178,42.3465235356,0 -83.0370995142,42.3466494715,0 -83.0371972577,42.3467979884,0 -83.0372886156,42.3467645951,0 -83.0373459810,42.3468502687,0 -83.0373741349,42.3468403263,0 -83.0374017463,42.3468304079,0 -83.0371994178,42.3465235356,0</coordinates></LinearRing></outerBoundaryIs></Polygon></Placemark><Placemark><name>Building OSM 881692224</name><description>Exact active runtime footprint; tagged or estimated height</description><styleUrl>#building</styleUrl><Polygon><altitudeMode>clampToGround</altitudeMode><outerBoundaryIs><LinearRing><coordinates>-83.0391330889,42.3475330238,0 -83.0389660404,42.3472758192,0 -83.0387997687,42.3473352758,0 -83.0389704363,42.3475928028,0 -83.0391330889,42.3475330238,0</coordinates></LinearRing></outerBoundaryIs></Polygon></Placemark><Placemark><name>Building OSM 881692225</name><description>Exact active runtime footprint; tagged or estimated height</description><styleUrl>#building</styleUrl><Polygon><altitudeMode>clampToGround</altitudeMode><outerBoundaryIs><LinearRing><coordinates>-83.0387997687,42.3473352758,0 -83.0382816284,42.3475230354,0 -83.0383882627,42.3476838353,0 -83.0384524013,42.3477805175,0 -83.0389704363,42.3475928028,0 -83.0387997687,42.3473352758,0</coordinates></LinearRing></outerBoundaryIs></Polygon></Placemark><Placemark><name>Building OSM 881692226</name><description>Exact active runtime footprint; tagged or estimated height</description><styleUrl>#building</styleUrl><Polygon><altitudeMode>clampToGround</altitudeMode><outerBoundaryIs><LinearRing><coordinates>-83.0385860659,42.3478048914,0 -83.0383528897,42.3478864740,0 -83.0385092336,42.3481305103,0 -83.0386349506,42.3480864967,0 -83.0386781447,42.3480713792,0 -83.0387424097,42.3480489277,0 -83.0385860659,42.3478048914,0</coordinates></LinearRing></outerBoundaryIs></Polygon></Placemark><Placemark><name>Building OSM 881692227</name><description>Exact active runtime footprint; tagged or estimated height</description><styleUrl>#building</styleUrl><Polygon><altitudeMode>clampToGround</altitudeMode><outerBoundaryIs><LinearRing><coordinates>-83.0394848500,42.3480625063,0 -83.0394299287,42.3479747521,0 -83.0392654773,42.3480311498,0 -83.0393205646,42.3481189368,0 -83.0394848500,42.3480625063,0</coordinates></LinearRing></outerBoundaryIs></Polygon></Placemark><Placemark><name>Building OSM 881692228</name><description>Exact active runtime footprint; tagged or estimated height</description><styleUrl>#building</styleUrl><Polygon><altitudeMode>clampToGround</altitudeMode><outerBoundaryIs><LinearRing><coordinates>-83.0394848500,42.3480625063,0 -83.0395983844,42.3482378910,0 -83.0394314282,42.3482962914,0 -83.0394293492,42.3482814121,0 -83.0393205646,42.3481189368,0 -83.0394848500,42.3480625063,0</coordinates></LinearRing></outerBoundaryIs></Polygon></Placemark><Placemark><name>Building OSM 881692229</name><description>Exact active runtime footprint; tagged or estimated height</description><styleUrl>#building</styleUrl><Polygon><altitudeMode>clampToGround</altitudeMode><outerBoundaryIs><LinearRing><coordinates>-83.0394293492,42.3482814121,0 -83.0393205646,42.3481189368,0 -83.0392654773,42.3480311498,0 -83.0392619719,42.3480221695,0 -83.0391471077,42.3480664259,0 -83.0390491888,42.3481014788,0 -83.0392000112,42.3483271262,0 -83.0392783694,42.3482999039,0 -83.0392974887,42.3483288778,0 -83.0394293492,42.3482814121,0</coordinates></LinearRing></outerBoundaryIs></Polygon></Placemark><Placemark><name>Building OSM 881692230</name><description>Exact active runtime footprint; tagged or estimated height</description><styleUrl>#building</styleUrl><Polygon><altitudeMode>clampToGround</altitudeMode><outerBoundaryIs><LinearRing><coordinates>-83.0390491888,42.3481014788,0 -83.0390387222,42.3481053239,0 -83.0389398442,42.3481413047,0 -83.0389297986,42.3481449702,0 -83.0390806818,42.3483706954,0 -83.0392000112,42.3483271262,0 -83.0390491888,42.3481014788,0</coordinates></LinearRing></outerBoundaryIs></Polygon></Placemark><Placemark><name>Building OSM 881692231</name><description>Exact active runtime footprint; tagged or estimated height</description><styleUrl>#building</styleUrl><Polygon><altitudeMode>clampToGround</altitudeMode><outerBoundaryIs><LinearRing><coordinates>-83.0383310522,42.3483570736,0 -83.0382072336,42.3484010030,0 -83.0383662376,42.3486462896,0 -83.0384886067,42.3486019416,0 -83.0383310522,42.3483570736,0</coordinates></LinearRing></outerBoundaryIs></Polygon></Placemark><Placemark><name>Building OSM 881692232</name><description>Exact active runtime footprint; tagged or estimated height</description><styleUrl>#building</styleUrl><Polygon><altitudeMode>clampToGround</altitudeMode><outerBoundaryIs><LinearRing><coordinates>-83.0382072336,42.3484010030,0 -83.0380922425,42.3484416832,0 -83.0380891833,42.3484442337,0 -83.0380881528,42.3484483040,0 -83.0380882310,42.3484512788,0 -83.0382431557,42.3486899046,0 -83.0383662376,42.3486462896,0 -83.0382072336,42.3484010030,0</coordinates></LinearRing></outerBoundaryIs></Polygon></Placemark><Placemark><name>Building OSM 881692237</name><description>Exact active runtime footprint; tagged or estimated height</description><styleUrl>#building</styleUrl><Polygon><altitudeMode>clampToGround</altitudeMode><outerBoundaryIs><LinearRing><coordinates>-83.0396085366,42.3485546997,0 -83.0397705264,42.3484974856,0 -83.0396125509,42.3482527973,0 -83.0394503951,42.3483099785,0 -83.0394686520,42.3483383870,0 -83.0396085366,42.3485546997,0</coordinates></LinearRing></outerBoundaryIs></Polygon></Placemark><Placemark><name>Building OSM 881692238</name><description>Exact active runtime footprint; tagged or estimated height</description><styleUrl>#building</styleUrl><Polygon><altitudeMode>clampToGround</altitudeMode><outerBoundaryIs><LinearRing><coordinates>-83.0388694981,42.3489833140,0 -83.0387524404,42.3490287142,0 -83.0389129228,42.3492667311,0 -83.0390309982,42.3492251494,0 -83.0388694981,42.3489833140,0</coordinates></LinearRing></outerBoundaryIs></Polygon></Placemark><Placemark><name>Building OSM 881692239</name><description>Exact active runtime footprint; tagged or estimated height</description><styleUrl>#building</styleUrl><Polygon><altitudeMode>clampToGround</altitudeMode><outerBoundaryIs><LinearRing><coordinates>-83.0387524404,42.3490287142,0 -83.0386472693,42.3490683146,0 -83.0388062654,42.3493047877,0 -83.0389129228,42.3492667311,0 -83.0387524404,42.3490287142,0</coordinates></LinearRing></outerBoundaryIs></Polygon></Placemark><Placemark><name>Building OSM 881692240</name><description>Exact active runtime footprint; tagged or estimated height</description><styleUrl>#building</styleUrl><Polygon><altitudeMode>clampToGround</altitudeMode><outerBoundaryIs><LinearRing><coordinates>-83.0395205236,42.3490483589,0 -83.0393833808,42.3488443605,0 -83.0393535556,42.3487995218,0 -83.0395131284,42.3487413686,0 -83.0396789345,42.3489899755,0 -83.0395205236,42.3490483589,0</coordinates></LinearRing></outerBoundaryIs></Polygon></Placemark><Placemark><name>Building OSM 881692241</name><description>Exact active runtime footprint; tagged or estimated height</description><styleUrl>#building</styleUrl><Polygon><altitudeMode>clampToGround</altitudeMode><outerBoundaryIs><LinearRing><coordinates>-83.0395131284,42.3487413686,0 -83.0396855304,42.3486762872,0 -83.0398544739,42.3489253183,0 -83.0396789345,42.3489899755,0 -83.0395131284,42.3487413686,0</coordinates></LinearRing></outerBoundaryIs></Polygon></Placemark><Placemark><name>Building OSM 895344828</name><description>Exact active runtime footprint; tagged or estimated height</description><styleUrl>#building</styleUrl><Polygon><altitudeMode>clampToGround</altitudeMode><outerBoundaryIs><LinearRing><coordinates>-83.0396855304,42.3486762872,0 -83.0398521046,42.3486145231,0 -83.0400211534,42.3488635093,0 -83.0398544739,42.3489253183,0 -83.0396855304,42.3486762872,0</coordinates></LinearRing></outerBoundaryIs></Polygon></Placemark><Placemark><name>Building OSM 895344831</name><description>Exact active runtime footprint; tagged or estimated height</description><styleUrl>#building</styleUrl><Polygon><altitudeMode>clampToGround</altitudeMode><outerBoundaryIs><LinearRing><coordinates>-83.0388062654,42.3493047877,0 -83.0386868026,42.3493487251,0 -83.0385277457,42.3491121742,0 -83.0386472693,42.3490683146,0 -83.0388062654,42.3493047877,0</coordinates></LinearRing></outerBoundaryIs></Polygon></Placemark><Placemark><name>Building OSM 895344832</name><description>Exact active runtime footprint; tagged or estimated height</description><styleUrl>#building</styleUrl><Polygon><altitudeMode>clampToGround</altitudeMode><outerBoundaryIs><LinearRing><coordinates>-83.0386417764,42.3495451113,0 -83.0385995908,42.3494774382,0 -83.0383035350,42.3495837854,0 -83.0383497563,42.3496508769,0 -83.0386417764,42.3495451113,0</coordinates></LinearRing></outerBoundaryIs></Polygon></Placemark><Placemark><name>Building OSM 895344833</name><description>Exact active runtime footprint; tagged or estimated height</description><styleUrl>#building</styleUrl><Polygon><altitudeMode>clampToGround</altitudeMode><outerBoundaryIs><LinearRing><coordinates>-83.0383043068,42.3490387801,0 -83.0382318524,42.3489301918,0 -83.0379348747,42.3490385922,0 -83.0380074950,42.3491472134,0 -83.0383043068,42.3490387801,0</coordinates></LinearRing></outerBoundaryIs></Polygon></Placemark><Placemark><name>Building OSM 895344834</name><description>Exact active runtime footprint; tagged or estimated height</description><styleUrl>#building</styleUrl><Polygon><altitudeMode>clampToGround</altitudeMode><outerBoundaryIs><LinearRing><coordinates>-83.0382318524,42.3489301918,0 -83.0381605167,42.3488246529,0 -83.0378633578,42.3489355164,0 -83.0379348747,42.3490385922,0 -83.0382318524,42.3489301918,0</coordinates></LinearRing></outerBoundaryIs></Polygon></Placemark><Placemark><name>Building OSM 895344835</name><description>Exact active runtime footprint; tagged or estimated height</description><styleUrl>#building</styleUrl><Polygon><altitudeMode>clampToGround</altitudeMode><outerBoundaryIs><LinearRing><coordinates>-83.0381605167,42.3488246529,0 -83.0380978863,42.3487331357,0 -83.0378009379,42.3488439094,0 -83.0378633578,42.3489355164,0 -83.0381605167,42.3488246529,0</coordinates></LinearRing></outerBoundaryIs></Polygon></Placemark><Placemark><name>Building OSM 895344836</name><description>Exact active runtime footprint; tagged or estimated height</description><styleUrl>#building</styleUrl><Polygon><altitudeMode>clampToGround</altitudeMode><outerBoundaryIs><LinearRing><coordinates>-83.0380978863,42.3487331357,0 -83.0380140642,42.3486038826,0 -83.0377133014,42.3487119278,0 -83.0378009379,42.3488439094,0 -83.0380978863,42.3487331357,0</coordinates></LinearRing></outerBoundaryIs></Polygon></Placemark><Placemark><name>Building OSM 895344837</name><description>Exact active runtime footprint; tagged or estimated height</description><styleUrl>#building</styleUrl><Polygon><altitudeMode>clampToGround</altitudeMode><outerBoundaryIs><LinearRing><coordinates>-83.0380140642,42.3486038826,0 -83.0379388303,42.3484892198,0 -83.0376379459,42.3485971094,0 -83.0377133014,42.3487119278,0 -83.0380140642,42.3486038826,0</coordinates></LinearRing></outerBoundaryIs></Polygon></Placemark><Placemark><name>Building OSM 901618260</name><description>Exact active runtime footprint; tagged or estimated height</description><styleUrl>#building</styleUrl><Polygon><altitudeMode>clampToGround</altitudeMode><outerBoundaryIs><LinearRing><coordinates>-83.0381778703,42.3470215060,0 -83.0380105256,42.3467626643,0 -83.0378835740,42.3468068937,0 -83.0379523918,42.3469122627,0 -83.0380523638,42.3470654298,0 -83.0381778703,42.3470215060,0</coordinates></LinearRing></outerBoundaryIs></Polygon></Placemark><Placemark><name>Building OSM 901618261</name><description>Exact active runtime footprint; tagged or estimated height</description><styleUrl>#building</styleUrl><Polygon><altitudeMode>clampToGround</altitudeMode><outerBoundaryIs><LinearRing><coordinates>-83.0376535388,42.3468969899,0 -83.0378361893,42.3468294012,0 -83.0379021310,42.3469301889,0 -83.0379523918,42.3469122627,0 -83.0380523638,42.3470654298,0 -83.0378186940,42.3471476380,0 -83.0376535388,42.3468969899,0</coordinates></LinearRing></outerBoundaryIs></Polygon></Placemark><Placemark><name>Building OSM 943326380</name><description>Exact active runtime footprint; tagged or estimated height</description><styleUrl>#building</styleUrl><Polygon><altitudeMode>clampToGround</altitudeMode><outerBoundaryIs><LinearRing><coordinates>-83.0348575696,42.3494707143,0 -83.0347783145,42.3494366012,0 -83.0345286332,42.3493376885,0 -83.0345137258,42.3493599218,0 -83.0344986524,42.3493821223,0 -83.0346167454,42.3495586731,0 -83.0348575696,42.3494707143,0</coordinates></LinearRing></outerBoundaryIs></Polygon></Placemark><Placemark><name>Building OSM 943326381</name><description>Exact active runtime footprint; tagged or estimated height</description><styleUrl>#building</styleUrl><Polygon><altitudeMode>clampToGround</altitudeMode><outerBoundaryIs><LinearRing><coordinates>-83.0347783145,42.3494366012,0 -83.0348482899,42.3493363019,0 -83.0346078080,42.3492333589,0 -83.0345286332,42.3493376885,0 -83.0347783145,42.3494366012,0</coordinates></LinearRing></outerBoundaryIs></Polygon></Placemark><Placemark><name>Building OSM 943326382</name><description>Exact active runtime footprint; tagged or estimated height</description><styleUrl>#building</styleUrl><Polygon><altitudeMode>clampToGround</altitudeMode><outerBoundaryIs><LinearRing><coordinates>-83.0346078080,42.3492333589,0 -83.0347499638,42.3490485194,0 -83.0350754396,42.3491825037,0 -83.0349509609,42.3493470394,0 -83.0349315330,42.3493719284,0 -83.0348482899,42.3493363019,0 -83.0346078080,42.3492333589,0</coordinates></LinearRing></outerBoundaryIs></Polygon></Placemark><Placemark><name>Building OSM 943326391</name><description>Exact active runtime footprint; tagged or estimated height</description><styleUrl>#building</styleUrl><Polygon><altitudeMode>clampToGround</altitudeMode><outerBoundaryIs><LinearRing><coordinates>-83.0352310888,42.3498692366,0 -83.0351592702,42.3497611031,0 -83.0348337622,42.3498795029,0 -83.0349056252,42.3499875137,0 -83.0352310888,42.3498692366,0</coordinates></LinearRing></outerBoundaryIs></Polygon></Placemark><Placemark><name>Building OSM 963682950</name><description>Exact active runtime footprint; tagged or estimated height</description><styleUrl>#building</styleUrl><Polygon><altitudeMode>clampToGround</altitudeMode><outerBoundaryIs><LinearRing><coordinates>-83.0354395682,42.3438954476,0 -83.0354138246,42.3438626626,0 -83.0353428273,42.3438933816,0 -83.0353686760,42.3439261217,0 -83.0354395682,42.3438954476,0</coordinates></LinearRing></outerBoundaryIs></Polygon></Placemark><Placemark><name>Wilkins Street Plaza OSM 964638948</name><description>Exact active runtime footprint; tagged or estimated height</description><styleUrl>#building</styleUrl><Polygon><altitudeMode>clampToGround</altitudeMode><outerBoundaryIs><LinearRing><coordinates>-83.0387232866,42.3508595105,0 -83.0385963438,42.3509051884,0 -83.0385616495,42.3508526776,0 -83.0386886369,42.3508068770,0 -83.0387232866,42.3508595105,0</coordinates></LinearRing></outerBoundaryIs></Polygon></Placemark><Placemark><name>Building OSM 964641338</name><description>Exact active runtime footprint; tagged or estimated height</description><styleUrl>#building</styleUrl><Polygon><altitudeMode>clampToGround</altitudeMode><outerBoundaryIs><LinearRing><coordinates>-83.0374831700,42.3498971218,0 -83.0374595899,42.3499057344,0 -83.0374512442,42.3499088817,0 -83.0374121747,42.3499231722,0 -83.0373956277,42.3498983905,0 -83.0374354338,42.3498837856,0 -83.0374434638,42.3498807731,0 -83.0374664571,42.3498723072,0 -83.0374831700,42.3498971218,0</coordinates></LinearRing></outerBoundaryIs></Polygon></Placemark><Placemark><name>Building OSM 964641339</name><description>Exact active runtime footprint; tagged or estimated height</description><styleUrl>#building</styleUrl><Polygon><altitudeMode>clampToGround</altitudeMode><outerBoundaryIs><LinearRing><coordinates>-83.0374387095,42.3498295899,0 -83.0374171688,42.3498365022,0 -83.0374050750,42.3498404195,0 -83.0373661909,42.3498529712,0 -83.0373512387,42.3498277162,0 -83.0373910253,42.3498148831,0 -83.0374016297,42.3498113940,0 -83.0374236965,42.3498042572,0 -83.0374387095,42.3498295899,0</coordinates></LinearRing></outerBoundaryIs></Polygon></Placemark><Placemark><name>Building OSM 964641340</name><description>Exact active runtime footprint; tagged or estimated height</description><styleUrl>#building</styleUrl><Polygon><altitudeMode>clampToGround</altitudeMode><outerBoundaryIs><LinearRing><coordinates>-83.0373949693,42.3497615431,0 -83.0373622374,42.3497720911,0 -83.0373225115,42.3497850021,0 -83.0373074985,42.3497596694,0 -83.0373443062,42.3497476928,0 -83.0373799563,42.3497362104,0 -83.0373949693,42.3497615431,0</coordinates></LinearRing></outerBoundaryIs></Polygon></Placemark><Placemark><name>Building OSM 964641346</name><description>Exact active runtime footprint; tagged or estimated height</description><styleUrl>#building</styleUrl><Polygon><altitudeMode>clampToGround</altitudeMode><outerBoundaryIs><LinearRing><coordinates>-83.0375155544,42.3499439799,0 -83.0375305674,42.3499693127,0 -83.0374955042,42.3499806484,0 -83.0374580489,42.3499926939,0 -83.0374430966,42.3499674390,0 -83.0374796938,42.3499555523,0 -83.0375155544,42.3499439799,0</coordinates></LinearRing></outerBoundaryIs></Polygon></Placemark><Placemark><name>Dequindre Cut Freightyard OSM 964641349</name><description>Exact active runtime footprint; tagged or estimated height</description><styleUrl>#building</styleUrl><Polygon><altitudeMode>clampToGround</altitudeMode><outerBoundaryIs><LinearRing><coordinates>-83.0372599409,42.3495607913,0 -83.0371776241,42.3495888734,0 -83.0371125580,42.3494908237,0 -83.0371948780,42.3494607694,0 -83.0372599409,42.3495607913,0</coordinates></LinearRing></outerBoundaryIs></Polygon></Placemark><Placemark><name>Building OSM 970742344</name><description>Exact active runtime footprint; tagged or estimated height</description><styleUrl>#building</styleUrl><Polygon><altitudeMode>clampToGround</altitudeMode><outerBoundaryIs><LinearRing><coordinates>-83.0420733110,42.3509106344,0 -83.0420084175,42.3508187347,0 -83.0415747673,42.3509864052,0 -83.0416396607,42.3510783048,0 -83.0420733110,42.3509106344,0</coordinates></LinearRing></outerBoundaryIs></Polygon></Placemark><Placemark><name>Ark Grove Baptist Church OSM 1033867754</name><description>Exact active runtime footprint; tagged or estimated height</description><styleUrl>#building</styleUrl><Polygon><altitudeMode>clampToGround</altitudeMode><outerBoundaryIs><LinearRing><coordinates>-83.0378821388,42.3557297774,0 -83.0377223375,42.3554847274,0 -83.0378212198,42.3554494708,0 -83.0379810211,42.3556945208,0 -83.0378821388,42.3557297774,0</coordinates></LinearRing></outerBoundaryIs></Polygon></Placemark><Placemark><name>Building OSM 1060904361</name><description>Exact active runtime footprint; tagged or estimated height</description><styleUrl>#building</styleUrl><Polygon><altitudeMode>clampToGround</altitudeMode><outerBoundaryIs><LinearRing><coordinates>-83.0389197708,42.3478162834,0 -83.0390787154,42.3477564275,0 -83.0390022466,42.3476319190,0 -83.0388413070,42.3476933525,0 -83.0389197708,42.3478162834,0</coordinates></LinearRing></outerBoundaryIs></Polygon></Placemark><Placemark><name>Building OSM 1060904362</name><description>Exact active runtime footprint; tagged or estimated height</description><styleUrl>#building</styleUrl><Polygon><altitudeMode>clampToGround</altitudeMode><outerBoundaryIs><LinearRing><coordinates>-83.0390062585,42.3479502075,0 -83.0389197708,42.3478162834,0 -83.0388413070,42.3476933525,0 -83.0385677585,42.3477906115,0 -83.0385860659,42.3478048914,0 -83.0387424097,42.3480489277,0 -83.0390062585,42.3479502075,0</coordinates></LinearRing></outerBoundaryIs></Polygon></Placemark><Placemark><name>Building OSM 1061562274</name><description>Exact active runtime footprint; tagged or estimated height</description><styleUrl>#building</styleUrl><Polygon><altitudeMode>clampToGround</altitudeMode><outerBoundaryIs><LinearRing><coordinates>-83.0379863763,42.3496420897,0 -83.0382069682,42.3495630778,0 -83.0381160173,42.3494237977,0 -83.0380335004,42.3492985515,0 -83.0378128477,42.3493774855,0 -83.0379863763,42.3496420897,0</coordinates></LinearRing></outerBoundaryIs></Polygon></Placemark><Placemark><name>Building OSM 1061562276</name><description>Exact active runtime footprint; tagged or estimated height</description><styleUrl>#building</styleUrl><Polygon><altitudeMode>clampToGround</altitudeMode><outerBoundaryIs><LinearRing><coordinates>-83.0391455584,42.3514401157,0 -83.0396766144,42.3514449637,0 -83.0396781404,42.3513605001,0 -83.0391470235,42.3513555743,0 -83.0391455584,42.3514401157,0</coordinates></LinearRing></outerBoundaryIs></Polygon></Placemark><Placemark><name>Building OSM 1061562277</name><description>Exact active runtime footprint; tagged or estimated height</description><styleUrl>#building</styleUrl><Polygon><altitudeMode>clampToGround</altitudeMode><outerBoundaryIs><LinearRing><coordinates>-83.0391475399,42.3512861673,0 -83.0396770545,42.3512928143,0 -83.0396788647,42.3512105114,0 -83.0391493057,42.3512039871,0 -83.0391475399,42.3512861673,0</coordinates></LinearRing></outerBoundaryIs></Polygon></Placemark><Placemark><name>Building OSM 1061562278</name><description>Exact active runtime footprint; tagged or estimated height</description><styleUrl>#building</styleUrl><Polygon><altitudeMode>clampToGround</altitudeMode><outerBoundaryIs><LinearRing><coordinates>-83.0402789986,42.3534708997,0 -83.0410040141,42.3532088420,0 -83.0408398841,42.3529607644,0 -83.0401148686,42.3532228221,0 -83.0402789986,42.3534708997,0</coordinates></LinearRing></outerBoundaryIs></Polygon></Placemark><Placemark><name>Building OSM 1061562279</name><description>Exact active runtime footprint; tagged or estimated height</description><styleUrl>#building</styleUrl><Polygon><altitudeMode>clampToGround</altitudeMode><outerBoundaryIs><LinearRing><coordinates>-83.0423059900,42.3515873085,0 -83.0425078880,42.3515174168,0 -83.0424296861,42.3514104520,0 -83.0422253432,42.3514897892,0 -83.0423059900,42.3515873085,0</coordinates></LinearRing></outerBoundaryIs></Polygon></Placemark><Placemark><name>Building OSM 1068376492</name><description>Exact active runtime footprint; tagged or estimated height</description><styleUrl>#building</styleUrl><Polygon><altitudeMode>clampToGround</altitudeMode><outerBoundaryIs><LinearRing><coordinates>-83.0358738291,42.3509734387,0 -83.0359392799,42.3509501698,0 -83.0359021456,42.3508904023,0 -83.0358333763,42.3509157099,0 -83.0358738291,42.3509734387,0</coordinates></LinearRing></outerBoundaryIs></Polygon></Placemark><Placemark><name>Building OSM 1072048693</name><description>Exact active runtime footprint; tagged or estimated height</description><styleUrl>#building</styleUrl><Polygon><altitudeMode>clampToGround</altitudeMode><outerBoundaryIs><LinearRing><coordinates>-83.0361479993,42.3483318804,0 -83.0363741771,42.3482519365,0 -83.0365340150,42.3484880503,0 -83.0363031757,42.3485722659,0 -83.0361479993,42.3483318804,0</coordinates></LinearRing></outerBoundaryIs></Polygon></Placemark><Placemark><name>Building OSM 1072048694</name><description>Exact active runtime footprint; tagged or estimated height</description><styleUrl>#building</styleUrl><Polygon><altitudeMode>clampToGround</altitudeMode><outerBoundaryIs><LinearRing><coordinates>-83.0361479993,42.3483318804,0 -83.0360403622,42.3483699403,0 -83.0361981293,42.3486100498,0 -83.0363031757,42.3485722659,0 -83.0361479993,42.3483318804,0</coordinates></LinearRing></outerBoundaryIs></Polygon></Placemark><Placemark><name>Building OSM 1072048695</name><description>Exact active runtime footprint; tagged or estimated height</description><styleUrl>#building</styleUrl><Polygon><altitudeMode>clampToGround</altitudeMode><outerBoundaryIs><LinearRing><coordinates>-83.0361981293,42.3486100498,0 -83.0360915934,42.3486482620,0 -83.0360925187,42.3486442366,0 -83.0359256437,42.3483858168,0 -83.0360294861,42.3483533184,0 -83.0360403622,42.3483699403,0 -83.0361981293,42.3486100498,0</coordinates></LinearRing></outerBoundaryIs></Polygon></Placemark><Placemark><name>Building OSM 1072048696</name><description>Exact active runtime footprint; tagged or estimated height</description><styleUrl>#building</styleUrl><Polygon><altitudeMode>clampToGround</altitudeMode><outerBoundaryIs><LinearRing><coordinates>-83.0359256437,42.3483858168,0 -83.0354715111,42.3485459446,0 -83.0355062585,42.3485997811,0 -83.0354229100,42.3486292372,0 -83.0354466435,42.3486660957,0 -83.0353165513,42.3487118731,0 -83.0354214944,42.3488746396,0 -83.0354444594,42.3488664970,0 -83.0354306908,42.3488450934,0 -83.0355031963,42.3488195394,0 -83.0355203715,42.3488460238,0 -83.0360925187,42.3486442366,0 -83.0359256437,42.3483858168,0</coordinates></LinearRing></outerBoundaryIs></Polygon></Placemark><Placemark><name>Building OSM 1072048697</name><description>Exact active runtime footprint; tagged or estimated height</description><styleUrl>#building</styleUrl><Polygon><altitudeMode>clampToGround</altitudeMode><outerBoundaryIs><LinearRing><coordinates>-83.0354214944,42.3488746396,0 -83.0353165513,42.3487118731,0 -83.0352640334,42.3486403119,0 -83.0351476298,42.3486816987,0 -83.0353033074,42.3489202106,0 -83.0354214944,42.3488746396,0</coordinates></LinearRing></outerBoundaryIs></Polygon></Placemark><Placemark><name>Building OSM 1072048699</name><description>Exact active runtime footprint; tagged or estimated height</description><styleUrl>#building</styleUrl><Polygon><altitudeMode>clampToGround</altitudeMode><outerBoundaryIs><LinearRing><coordinates>-83.0347499638,42.3490485194,0 -83.0348623577,42.3488994110,0 -83.0351878335,42.3490333953,0 -83.0350754396,42.3491825037,0 -83.0347499638,42.3490485194,0</coordinates></LinearRing></outerBoundaryIs></Polygon></Placemark><Placemark><name>Building OSM 1175648030</name><description>Exact active runtime footprint; tagged or estimated height</description><styleUrl>#building</styleUrl><Polygon><altitudeMode>clampToGround</altitudeMode><outerBoundaryIs><LinearRing><coordinates>-83.0375883132,42.3484015028,0 -83.0376293584,42.3484625054,0 -83.0378413366,42.3483846806,0 -83.0377882446,42.3483053775,0 -83.0376250496,42.3483651805,0 -83.0376373676,42.3483834690,0 -83.0375883132,42.3484015028,0</coordinates></LinearRing></outerBoundaryIs></Polygon></Placemark><Placemark><name>Building OSM 1304883230</name><description>Exact active runtime footprint; tagged or estimated height</description><styleUrl>#building</styleUrl><Polygon><altitudeMode>clampToGround</altitudeMode><outerBoundaryIs><LinearRing><coordinates>-83.0380347647,42.3540177413,0 -83.0378992329,42.3538134702,0 -83.0376820007,42.3538922928,0 -83.0378175771,42.3540964412,0 -83.0380347647,42.3540177413,0</coordinates></LinearRing></outerBoundaryIs></Polygon></Placemark><Placemark><name>Building OSM 1353015872</name><description>Exact active runtime footprint; tagged or estimated height</description><styleUrl>#building</styleUrl><Polygon><altitudeMode>clampToGround</altitudeMode><outerBoundaryIs><LinearRing><coordinates>-83.0359172993,42.3503810606,0 -83.0358731521,42.3503080011,0 -83.0357953113,42.3503335503,0 -83.0358394140,42.3504067326,0 -83.0359172993,42.3503810606,0</coordinates></LinearRing></outerBoundaryIs></Polygon></Placemark><Placemark><name>The Julia and Ulysses S. Grant Home OSM 1536044179</name><description>Exact active runtime footprint; tagged or estimated height</description><styleUrl>#building</styleUrl><Polygon><altitudeMode>clampToGround</altitudeMode><outerBoundaryIs><LinearRing><coordinates>-83.0392994701,42.3506772647,0 -83.0391726912,42.3507276441,0 -83.0391289219,42.3506672855,0 -83.0392556563,42.3506170289,0 -83.0392994701,42.3506772647,0</coordinates></LinearRing></outerBoundaryIs></Polygon></Placemark><Placemark><name>Building OSM 59806920</name><description>Exact active runtime footprint; tagged or estimated height</description><styleUrl>#building</styleUrl><Polygon><altitudeMode>clampToGround</altitudeMode><outerBoundaryIs><LinearRing><coordinates>-83.0327361395,42.3450831788,0 -83.0327115603,42.3450935664,0 -83.0326818514,42.3450555241,0 -83.0325896541,42.3450946696,0 -83.0326197438,42.3451333792,0 -83.0325907004,42.3451457759,0 -83.0325759979,42.3451269492,0 -83.0325410009,42.3451417834,0 -83.0325124464,42.3451052193,0 -83.0324138464,42.3451473052,0 -83.0324447703,42.3451869033,0 -83.0323788966,42.3452150205,0 -83.0323503258,42.3451782558,0 -83.0322567768,42.3452181858,0 -83.0322871702,42.3452572843,0 -83.0322573903,42.3452699954,0 -83.0323101250,42.3453375223,0 -83.0326295128,42.3452014041,0 -83.0326457342,42.3452221757,0 -83.0327248668,42.3451883992,0 -83.0327284068,42.3451931118,0 -83.0327984897,42.3451631981,0 -83.0327361395,42.3450831788,0</coordinates></LinearRing></outerBoundaryIs></Polygon></Placemark><Placemark><name>Building OSM 59806921</name><description>Exact active runtime footprint; tagged or estimated height</description><styleUrl>#building</styleUrl><Polygon><altitudeMode>clampToGround</altitudeMode><outerBoundaryIs><LinearRing><coordinates>-83.0319571358,42.3451221339,0 -83.0317792015,42.3451995346,0 -83.0319289064,42.3453872796,0 -83.0319202331,42.3453910854,0 -83.0320134616,42.3455081291,0 -83.0321207306,42.3454615132,0 -83.0320973282,42.3454320855,0 -83.0321678884,42.3454013456,0 -83.0321194597,42.3453405901,0 -83.0320707710,42.3453617871,0 -83.0320213094,42.3452997091,0 -83.0320791531,42.3452746045,0 -83.0320309067,42.3452140824,0 -83.0319638191,42.3452433401,0 -83.0319180472,42.3451858071,0 -83.0319847139,42.3451567291,0 -83.0319571358,42.3451221339,0</coordinates></LinearRing></outerBoundaryIs></Polygon></Placemark><Placemark><name>Building OSM 59806923</name><description>Exact active runtime footprint; tagged or estimated height</description><styleUrl>#building</styleUrl><Polygon><altitudeMode>clampToGround</altitudeMode><outerBoundaryIs><LinearRing><coordinates>-83.0309279500,42.3444109780,0 -83.0308340765,42.3444495942,0 -83.0308516552,42.3444730020,0 -83.0307937138,42.3444969036,0 -83.0308495319,42.3445708940,0 -83.0309001072,42.3445501366,0 -83.0309375568,42.3445997079,0 -83.0308771344,42.3446245647,0 -83.0309014893,42.3446570089,0 -83.0310633172,42.3445904247,0 -83.0309279500,42.3444109780,0</coordinates></LinearRing></outerBoundaryIs></Polygon></Placemark><Placemark><name>Building OSM 59806924</name><description>Exact active runtime footprint; tagged or estimated height</description><styleUrl>#building</styleUrl><Polygon><altitudeMode>clampToGround</altitudeMode><outerBoundaryIs><LinearRing><coordinates>-83.0306690337,42.3445329025,0 -83.0305969840,42.3445640706,0 -83.0306063846,42.3445759285,0 -83.0305118321,42.3446169091,0 -83.0305473853,42.3446618961,0 -83.0306140683,42.3446330186,0 -83.0306648219,42.3446969308,0 -83.0307316101,42.3446680084,0 -83.0307158910,42.3446480598,0 -83.0307491273,42.3446336659,0 -83.0306690337,42.3445329025,0</coordinates></LinearRing></outerBoundaryIs></Polygon></Placemark><Placemark><name>Building OSM 59806925</name><description>Exact active runtime footprint; tagged or estimated height</description><styleUrl>#building</styleUrl><Polygon><altitudeMode>clampToGround</altitudeMode><outerBoundaryIs><LinearRing><coordinates>-83.0313872385,42.3443787245,0 -83.0313666190,42.3443533991,0 -83.0312410488,42.3444092788,0 -83.0312902141,42.3444697199,0 -83.0312732884,42.3444771518,0 -83.0313185818,42.3445328144,0 -83.0313363937,42.3445249005,0 -83.0313466124,42.3445374465,0 -83.0313310547,42.3445442945,0 -83.0315282020,42.3447866811,0 -83.0316189901,42.3447462700,0 -83.0316107764,42.3447362913,0 -83.0316202915,42.3447321262,0 -83.0315988214,42.3447057116,0 -83.0316716922,42.3446732594,0 -83.0316276140,42.3446191527,0 -83.0315681962,42.3446456552,0 -83.0315203067,42.3445868479,0 -83.0315882481,42.3445567072,0 -83.0315276653,42.3444823647,0 -83.0314798065,42.3445037260,0 -83.0314515645,42.3444689993,0 -83.0315070443,42.3444442814,0 -83.0314359391,42.3443570039,0 -83.0313872385,42.3443787245,0</coordinates></LinearRing></outerBoundaryIs></Polygon></Placemark><Placemark><name>Building OSM 626776352</name><description>Exact active runtime footprint; tagged or estimated height</description><styleUrl>#building</styleUrl><Polygon><altitudeMode>clampToGround</altitudeMode><outerBoundaryIs><LinearRing><coordinates>-83.0329698875,42.3451440820,0 -83.0329061963,42.3450616270,0 -83.0329496117,42.3450431996,0 -83.0329353181,42.3450247170,0 -83.0329268998,42.3450283102,0 -83.0329222662,42.3450221972,0 -83.0329293165,42.3450191879,0 -83.0329108310,42.3449953374,0 -83.0329861026,42.3449636238,0 -83.0330226648,42.3450109807,0 -83.0330622029,42.3449944157,0 -83.0330576908,42.3449884583,0 -83.0330723784,42.3449822928,0 -83.0330656955,42.3449737352,0 -83.0330843211,42.3449657852,0 -83.0330566290,42.3449297865,0 -83.0331556218,42.3448878441,0 -83.0331732568,42.3449106055,0 -83.0331905752,42.3449033171,0 -83.0332005997,42.3449161535,0 -83.0332900166,42.3448782985,0 -83.0333294787,42.3449291891,0 -83.0332397461,42.3449671789,0 -83.0332683169,42.3450039435,0 -83.0332052074,42.3450305696,0 -83.0332106308,42.3450376940,0 -83.0331698907,42.3450548758,0 -83.0331579058,42.3450393495,0 -83.0331137539,42.3450580913,0 -83.0331283675,42.3450771634,0 -83.0329698875,42.3451440820,0</coordinates></LinearRing></outerBoundaryIs></Polygon></Placemark><Placemark><name>Building OSM 626776353</name><description>Exact active runtime footprint; tagged or estimated height</description><styleUrl>#building</styleUrl><Polygon><altitudeMode>clampToGround</altitudeMode><outerBoundaryIs><LinearRing><coordinates>-83.0331729820,42.3448649787,0 -83.0332954410,42.3448130202,0 -83.0332555699,42.3447617855,0 -83.0331910035,42.3447892410,0 -83.0331435218,42.3447280813,0 -83.0332123582,42.3446989070,0 -83.0331740667,42.3446496950,0 -83.0331257501,42.3446701107,0 -83.0331032384,42.3446409252,0 -83.0331708121,42.3446122899,0 -83.0330985264,42.3445191889,0 -83.0330353724,42.3445459377,0 -83.0329911552,42.3444887785,0 -83.0330642615,42.3444578854,0 -83.0330269095,42.3444095171,0 -83.0328972179,42.3444642515,0 -83.0329318360,42.3445091190,0 -83.0329088352,42.3445188328,0 -83.0329609830,42.3445865065,0 -83.0329806164,42.3445782300,0 -83.0330432910,42.3446595630,0 -83.0330199746,42.3446694115,0 -83.0330804783,42.3447481443,0 -83.0330645139,42.3447600412,0 -83.0331152600,42.3448252013,0 -83.0331353589,42.3448166225,0 -83.0331729820,42.3448649787,0</coordinates></LinearRing></outerBoundaryIs></Polygon></Placemark><Placemark><name>Building OSM 626776354</name><description>Exact active runtime footprint; tagged or estimated height</description><styleUrl>#building</styleUrl><Polygon><altitudeMode>clampToGround</altitudeMode><outerBoundaryIs><LinearRing><coordinates>-83.0329051268,42.3446488310,0 -83.0327991344,42.3445120294,0 -83.0326717134,42.3445658985,0 -83.0326594411,42.3445501837,0 -83.0325671830,42.3445892514,0 -83.0325771467,42.3446020099,0 -83.0325520413,42.3446126220,0 -83.0326185716,42.3446985329,0 -83.0326527267,42.3446840581,0 -83.0326892726,42.3447312145,0 -83.0327704208,42.3446967851,0 -83.0327348307,42.3446506729,0 -83.0328163554,42.3446161866,0 -83.0328572311,42.3446690670,0 -83.0329051268,42.3446488310,0</coordinates></LinearRing></outerBoundaryIs></Polygon></Placemark><Placemark><name>Building OSM 626776355</name><description>Exact active runtime footprint; tagged or estimated height</description><styleUrl>#building</styleUrl><Polygon><altitudeMode>clampToGround</altitudeMode><outerBoundaryIs><LinearRing><coordinates>-83.0324912226,42.3444515599,0 -83.0324390791,42.3443846104,0 -83.0324515570,42.3443793881,0 -83.0324449347,42.3443709084,0 -83.0324723552,42.3443593081,0 -83.0324298109,42.3443046504,0 -83.0325122219,42.3442696820,0 -83.0325520930,42.3443209167,0 -83.0325772428,42.3443101819,0 -83.0325833183,42.3443179615,0 -83.0326389402,42.3442943239,0 -83.0325977325,42.3442413777,0 -83.0326799775,42.3442063764,0 -83.0326961381,42.3442270702,0 -83.0327120278,42.3442202879,0 -83.0327216270,42.3442325797,0 -83.0328210244,42.3441902572,0 -83.0328641762,42.3442456929,0 -83.0327726710,42.3442846467,0 -83.0328065112,42.3443279791,0 -83.0326597605,42.3443905136,0 -83.0326535028,42.3443825006,0 -83.0324912226,42.3444515599,0</coordinates></LinearRing></outerBoundaryIs></Polygon></Placemark><Placemark><name>Building OSM 626776356</name><description>Exact active runtime footprint; tagged or estimated height</description><styleUrl>#building</styleUrl><Polygon><altitudeMode>clampToGround</altitudeMode><outerBoundaryIs><LinearRing><coordinates>-83.0314063707,42.3443347721,0 -83.0314985907,42.3442918827,0 -83.0314870236,42.3442781489,0 -83.0315989779,42.3442262138,0 -83.0316133679,42.3442432030,0 -83.0316579602,42.3442225098,0 -83.0316129393,42.3441695316,0 -83.0315820387,42.3441838620,0 -83.0315313720,42.3441243730,0 -83.0313984369,42.3441860932,0 -83.0314365199,42.3442307264,0 -83.0313621846,42.3442652559,0 -83.0313305816,42.3442280222,0 -83.0312717269,42.3442554254,0 -83.0313411862,42.3443371817,0 -83.0313894008,42.3443148387,0 -83.0314063707,42.3443347721,0</coordinates></LinearRing></outerBoundaryIs></Polygon></Placemark><Placemark><name>Building OSM 626776357</name><description>Exact active runtime footprint; tagged or estimated height</description><styleUrl>#building</styleUrl><Polygon><altitudeMode>clampToGround</altitudeMode><outerBoundaryIs><LinearRing><coordinates>-83.0310826331,42.3454277710,0 -83.0311432409,42.3454011754,0 -83.0311041684,42.3453524005,0 -83.0311654683,42.3453256132,0 -83.0312048447,42.3453747771,0 -83.0313207099,42.3453240771,0 -83.0312883811,42.3452839375,0 -83.0313308450,42.3452651901,0 -83.0313646482,42.3453073973,0 -83.0314617989,42.3452648928,0 -83.0314188706,42.3452115399,0 -83.0314425754,42.3452011107,0 -83.0313757588,42.3451177078,0 -83.0309748160,42.3452933042,0 -83.0310826331,42.3454277710,0</coordinates></LinearRing></outerBoundaryIs></Polygon></Placemark><Placemark><name>Building OSM 626776358</name><description>Exact active runtime footprint; tagged or estimated height</description><styleUrl>#building</styleUrl><Polygon><altitudeMode>clampToGround</altitudeMode><outerBoundaryIs><LinearRing><coordinates>-83.0315635333,42.3455430260,0 -83.0316539135,42.3455049672,0 -83.0315122941,42.3453209282,0 -83.0313616737,42.3453840772,0 -83.0313870408,42.3454169191,0 -83.0314385143,42.3453951559,0 -83.0314760041,42.3454438803,0 -83.0314250567,42.3454654189,0 -83.0314831910,42.3455411177,0 -83.0315337782,42.3455198365,0 -83.0315444873,42.3455337291,0 -83.0315534318,42.3455299113,0 -83.0315635333,42.3455430260,0</coordinates></LinearRing></outerBoundaryIs></Polygon></Placemark><Placemark><name>Building OSM 626776359</name><description>Exact active runtime footprint; tagged or estimated height</description><styleUrl>#building</styleUrl><Polygon><altitudeMode>clampToGround</altitudeMode><outerBoundaryIs><LinearRing><coordinates>-83.0316318889,42.3456842746,0 -83.0316944636,42.3456564246,0 -83.0316109407,42.3455543242,0 -83.0315593544,42.3455773803,0 -83.0315478762,42.3455634010,0 -83.0314380741,42.3456123429,0 -83.0314547446,42.3456326115,0 -83.0313642115,42.3456728101,0 -83.0313448515,42.3456489179,0 -83.0312754815,42.3456795647,0 -83.0313334844,42.3457509630,0 -83.0313722207,42.3457339103,0 -83.0314145089,42.3457860842,0 -83.0315452516,42.3457282041,0 -83.0314952802,42.3456665512,0 -83.0315849270,42.3456268347,0 -83.0316318889,42.3456842746,0</coordinates></LinearRing></outerBoundaryIs></Polygon></Placemark><Placemark><name>Building OSM 626776360</name><description>Exact active runtime footprint; tagged or estimated height</description><styleUrl>#building</styleUrl><Polygon><altitudeMode>clampToGround</altitudeMode><outerBoundaryIs><LinearRing><coordinates>-83.0328682004,42.3454793762,0 -83.0328003378,42.3453924780,0 -83.0328772161,42.3453597675,0 -83.0328974636,42.3453858741,0 -83.0329918545,42.3453455848,0 -83.0329691486,42.3453166896,0 -83.0331294739,42.3452483610,0 -83.0331419286,42.3452643092,0 -83.0331619222,42.3452557752,0 -83.0331477827,42.3452378493,0 -83.0332927890,42.3451759556,0 -83.0333593757,42.3452612201,0 -83.0333114355,42.3452815788,0 -83.0333510636,42.3453325024,0 -83.0332472465,42.3453767113,0 -83.0332198019,42.3453417480,0 -83.0331784467,42.3453593998,0 -83.0332073049,42.3453963529,0 -83.0331061794,42.3454395168,0 -83.0330771996,42.3454024081,0 -83.0330130541,42.3454296839,0 -83.0330425806,42.3454674927,0 -83.0329465506,42.3455083779,0 -83.0329099765,42.3454615447,0 -83.0328682004,42.3454793762,0</coordinates></LinearRing></outerBoundaryIs></Polygon></Placemark><Placemark><name>Building OSM 626776361</name><description>Exact active runtime footprint; tagged or estimated height</description><styleUrl>#building</styleUrl><Polygon><altitudeMode>clampToGround</altitudeMode><outerBoundaryIs><LinearRing><coordinates>-83.0331249326,42.3456979896,0 -83.0331944361,42.3456669747,0 -83.0331290137,42.3455873332,0 -83.0331815915,42.3455637502,0 -83.0331444230,42.3455183117,0 -83.0329639762,42.3455989631,0 -83.0330036193,42.3456473907,0 -83.0330621345,42.3456211697,0 -83.0331249326,42.3456979896,0</coordinates></LinearRing></outerBoundaryIs></Polygon></Placemark><Placemark><name>Building OSM 626776362</name><description>Exact active runtime footprint; tagged or estimated height</description><styleUrl>#building</styleUrl><Polygon><altitudeMode>clampToGround</altitudeMode><outerBoundaryIs><LinearRing><coordinates>-83.0336152723,42.3455037364,0 -83.0337380783,42.3454493478,0 -83.0336924486,42.3453928951,0 -83.0336168255,42.3454263147,0 -83.0335660036,42.3453635726,0 -83.0336452489,42.3453285032,0 -83.0335688256,42.3452340565,0 -83.0335144870,42.3452580799,0 -83.0334702547,42.3452034166,0 -83.0333978330,42.3452353659,0 -83.0334405627,42.3452882848,0 -83.0334271096,42.3452942345,0 -83.0334378750,42.3453074807,0 -83.0334073466,42.3453210299,0 -83.0334346328,42.3453547124,0 -83.0334795170,42.3453349319,0 -83.0335144257,42.3453780157,0 -83.0334916679,42.3453880407,0 -83.0335453290,42.3454542386,0 -83.0335674554,42.3454444831,0 -83.0336152723,42.3455037364,0</coordinates></LinearRing></outerBoundaryIs></Polygon></Placemark><Placemark><name>Building OSM 858806698</name><description>Exact active runtime footprint; tagged or estimated height</description><styleUrl>#building</styleUrl><Polygon><altitudeMode>clampToGround</altitudeMode><outerBoundaryIs><LinearRing><coordinates>-83.0323608605,42.3444350082,0 -83.0323052139,42.3443644712,0 -83.0323175258,42.3443592161,0 -83.0323088542,42.3443482918,0 -83.0323429930,42.3443336164,0 -83.0322896996,42.3442659131,0 -83.0322571392,42.3442799147,0 -83.0322476334,42.3442681017,0 -83.0322351110,42.3442734467,0 -83.0321894119,42.3442154678,0 -83.0321195113,42.3442456149,0 -83.0321648459,42.3443031270,0 -83.0320423913,42.3443558098,0 -83.0319980895,42.3442996202,0 -83.0319299171,42.3443289260,0 -83.0319747820,42.3443860162,0 -83.0319611021,42.3443918553,0 -83.0319716571,42.3444051913,0 -83.0319418327,42.3444180251,0 -83.0319912215,42.3444805490,0 -83.0320217826,42.3444674008,0 -83.0320314870,42.3444796476,0 -83.0320457374,42.3444734613,0 -83.0321036319,42.3445468767,0 -83.0321726462,42.3445172116,0 -83.0321169551,42.3444467974,0 -83.0322331404,42.3443966869,0 -83.0322880580,42.3444662902,0 -83.0323608605,42.3444350082,0</coordinates></LinearRing></outerBoundaryIs></Polygon></Placemark><Placemark><name>Building OSM 858806699</name><description>Exact active runtime footprint; tagged or estimated height</description><styleUrl>#building</styleUrl><Polygon><altitudeMode>clampToGround</altitudeMode><outerBoundaryIs><LinearRing><coordinates>-83.0317201834,42.3440562292,0 -83.0317773695,42.3441296358,0 -83.0317650576,42.3441348909,0 -83.0317735025,42.3441457045,0 -83.0317391976,42.3441603470,0 -83.0317910536,42.3442271080,0 -83.0318238407,42.3442132171,0 -83.0318329702,42.3442250870,0 -83.0318455532,42.3442198198,0 -83.0318908922,42.3442780562,0 -83.0319603600,42.3442486124,0 -83.0319157337,42.3441911091,0 -83.0320385529,42.3441388932,0 -83.0320825553,42.3441954180,0 -83.0321515413,42.3441660761,0 -83.0321070529,42.3441089289,0 -83.0321207328,42.3441030899,0 -83.0321105098,42.3440898196,0 -83.0321403949,42.3440770636,0 -83.0320907424,42.3440133038,0 -83.0320600154,42.3440264191,0 -83.0320505214,42.3440140824,0 -83.0320362102,42.3440201909,0 -83.0319787204,42.3439463954,0 -83.0319077349,42.3439765907,0 -83.0319627339,42.3440471966,0 -83.0318486043,42.3440958073,0 -83.0317934839,42.3440250458,0 -83.0317201834,42.3440562292,0</coordinates></LinearRing></outerBoundaryIs></Polygon></Placemark><Placemark><name>Building OSM 858806700</name><description>Exact active runtime footprint; tagged or estimated height</description><styleUrl>#building</styleUrl><Polygon><altitudeMode>clampToGround</altitudeMode><outerBoundaryIs><LinearRing><coordinates>-83.0322420498,42.3447974234,0 -83.0322972810,42.3448715607,0 -83.0322847869,42.3448765824,0 -83.0322929768,42.3448876086,0 -83.0322582467,42.3449017065,0 -83.0323084190,42.3449691862,0 -83.0323414654,42.3449558069,0 -83.0323503399,42.3449678894,0 -83.0323630889,42.3449626551,0 -83.0324068050,42.3450216879,0 -83.0324770018,42.3449931777,0 -83.0324339540,42.3449350006,0 -83.0325582313,42.3448846518,0 -83.0326005945,42.3449417726,0 -83.0326702651,42.3449134869,0 -83.0326274767,42.3448558216,0 -83.0326413832,42.3448500932,0 -83.0326313707,42.3448367332,0 -83.0326617256,42.3448243990,0 -83.0326137568,42.3447599205,0 -83.0325827097,42.3447724464,0 -83.0325734870,42.3447600976,0 -83.0325589935,42.3447659728,0 -83.0325035638,42.3446914016,0 -83.0324318330,42.3447204628,0 -83.0324848325,42.3447919221,0 -83.0323694716,42.3448387764,0 -83.0323162453,42.3447672064,0 -83.0322420498,42.3447974234,0</coordinates></LinearRing></outerBoundaryIs></Polygon></Placemark><Placemark><name>Building OSM 864307798</name><description>Exact active runtime footprint; tagged or estimated height</description><styleUrl>#building</styleUrl><Polygon><altitudeMode>clampToGround</altitudeMode><outerBoundaryIs><LinearRing><coordinates>-83.0317115631,42.3459381122,0 -83.0316734820,42.3459538479,0 -83.0316697434,42.3459487014,0 -83.0315909341,42.3459810951,0 -83.0315969205,42.3459891202,0 -83.0315674237,42.3460012955,0 -83.0315643697,42.3459972052,0 -83.0314362760,42.3460494942,0 -83.0314453773,42.3460616874,0 -83.0313261391,42.3461104040,0 -83.0313296184,42.3461150389,0 -83.0312983164,42.3461277773,0 -83.0312953232,42.3461237647,0 -83.0312199419,42.3461547990,0 -83.0312235590,42.3461597900,0 -83.0311879426,42.3461743700,0 -83.0312463286,42.3462518284,0 -83.0315163574,42.3461407199,0 -83.0315079408,42.3461295831,0 -83.0317736107,42.3460204389,0 -83.0317115631,42.3459381122,0</coordinates></LinearRing></outerBoundaryIs></Polygon></Placemark><Placemark><name>Building OSM 864307804</name><description>Exact active runtime footprint; tagged or estimated height</description><styleUrl>#building</styleUrl><Polygon><altitudeMode>clampToGround</altitudeMode><outerBoundaryIs><LinearRing><coordinates>-83.0333819205,42.3464595102,0 -83.0331753451,42.3461982239,0 -83.0334069184,42.3460982395,0 -83.0334206933,42.3461156986,0 -83.0335392274,42.3460676974,0 -83.0335885171,42.3461162604,0 -83.0336222047,42.3461717941,0 -83.0334977626,42.3462248065,0 -83.0336065485,42.3463624902,0 -83.0333819205,42.3464595102,0</coordinates></LinearRing></outerBoundaryIs></Polygon></Placemark><Placemark><name>Building OSM 903240110</name><description>Exact active runtime footprint; tagged or estimated height</description><styleUrl>#building</styleUrl><Polygon><altitudeMode>clampToGround</altitudeMode><outerBoundaryIs><LinearRing><coordinates>-83.0327977861,42.3440629439,0 -83.0327402550,42.3439872989,0 -83.0326711148,42.3440160842,0 -83.0326098940,42.3439358941,0 -83.0326785525,42.3439072107,0 -83.0326507671,42.3438707331,0 -83.0326705665,42.3438624895,0 -83.0326415053,42.3438243783,0 -83.0325713129,42.3438536127,0 -83.0325136766,42.3437780126,0 -83.0325850265,42.3437482841,0 -83.0325570752,42.3437117737,0 -83.0324476603,42.3437574384,0 -83.0324577011,42.3437704752,0 -83.0324466964,42.3437750687,0 -83.0324658221,42.3438000981,0 -83.0324451364,42.3438088238,0 -83.0324990949,42.3438793551,0 -83.0325226381,42.3438696173,0 -83.0325468227,42.3439013043,0 -83.0325560384,42.3438974745,0 -83.0325631022,42.3439066993,0 -83.0325415139,42.3439157065,0 -83.0325555362,42.3439342011,0 -83.0325481094,42.3439372674,0 -83.0325660200,42.3439607410,0 -83.0325462205,42.3439689846,0 -83.0325986602,42.3440375710,0 -83.0326239923,42.3440270696,0 -83.0326444546,42.3440538106,0 -83.0326544677,42.3440497441,0 -83.0326811595,42.3440848213,0 -83.0326707862,42.3440891452,0 -83.0326878300,42.3441113291,0 -83.0326647077,42.3441208873,0 -83.0326887707,42.3441524188,0 -83.0327603312,42.3441226005,0 -83.0327347493,42.3440891241,0 -83.0327977861,42.3440629439,0</coordinates></LinearRing></outerBoundaryIs></Polygon></Placemark><Placemark><name>Building OSM 903240111</name><description>Exact active runtime footprint; tagged or estimated height</description><styleUrl>#building</styleUrl><Polygon><altitudeMode>clampToGround</altitudeMode><outerBoundaryIs><LinearRing><coordinates>-83.0323939554,42.3438891722,0 -83.0323734639,42.3438976075,0 -83.0323803009,42.3439067217,0 -83.0323460080,42.3439208404,0 -83.0323572964,42.3439358342,0 -83.0322662034,42.3439731599,0 -83.0322562679,42.3439600781,0 -83.0322146534,42.3439772183,0 -83.0322098983,42.3439709497,0 -83.0321898276,42.3439792053,0 -83.0321270185,42.3438955441,0 -83.0321838186,42.3438723371,0 -83.0322224996,42.3439236649,0 -83.0323163285,42.3438851714,0 -83.0322784981,42.3438349328,0 -83.0323355531,42.3438115133,0 -83.0323939554,42.3438891722,0</coordinates></LinearRing></outerBoundaryIs></Polygon></Placemark><Placemark><name>Building OSM 931875989</name><description>Exact active runtime footprint; tagged or estimated height</description><styleUrl>#building</styleUrl><Polygon><altitudeMode>clampToGround</altitudeMode><outerBoundaryIs><LinearRing><coordinates>-83.0322006041,42.3434762960,0 -83.0320585085,42.3435385032,0 -83.0320563984,42.3435359809,0 -83.0320168647,42.3435532701,0 -83.0320194771,42.3435566154,0 -83.0319787858,42.3435743987,0 -83.0319754606,42.3435703204,0 -83.0319343484,42.3435882834,0 -83.0319364911,42.3435912068,0 -83.0318671492,42.3436215304,0 -83.0319321595,42.3437027999,0 -83.0319675286,42.3436871846,0 -83.0319627290,42.3436810387,0 -83.0319970012,42.3436659952,0 -83.0320015415,42.3436716294,0 -83.0321225023,42.3436186508,0 -83.0321187518,42.3436140279,0 -83.0321466658,42.3436018021,0 -83.0321519514,42.3436085703,0 -83.0322303875,42.3435742613,0 -83.0322254219,42.3435680825,0 -83.0322613779,42.3435523204,0 -83.0322006041,42.3434762960,0</coordinates></LinearRing></outerBoundaryIs></Polygon></Placemark><Placemark><name>Building OSM 931875990</name><description>Exact active runtime footprint; tagged or estimated height</description><styleUrl>#building</styleUrl><Polygon><altitudeMode>clampToGround</altitudeMode><outerBoundaryIs><LinearRing><coordinates>-83.0324129339,42.3434718644,0 -83.0323104122,42.3435159354,0 -83.0322887999,42.3434884405,0 -83.0322919568,42.3434870930,0 -83.0322306113,42.3434087196,0 -83.0322244027,42.3434113696,0 -83.0321570099,42.3433248933,0 -83.0321710662,42.3433189973,0 -83.0321010002,42.3432290980,0 -83.0321055251,42.3432271666,0 -83.0320253088,42.3431235511,0 -83.0321220918,42.3430825520,0 -83.0321410026,42.3431069471,0 -83.0321523229,42.3431022189,0 -83.0321971314,42.3431599556,0 -83.0321895104,42.3431633122,0 -83.0322059911,42.3431845955,0 -83.0322122604,42.3431820232,0 -83.0322832984,42.3432731673,0 -83.0322722493,42.3432778834,0 -83.0323403549,42.3433650928,0 -83.0323350327,42.3433672608,0 -83.0323515741,42.3433886218,0 -83.0323575114,42.3433859838,0 -83.0324020281,42.3434428078,0 -83.0323930835,42.3434466256,0 -83.0324129339,42.3434718644,0</coordinates></LinearRing></outerBoundaryIs></Polygon></Placemark><Placemark><name>Building OSM 931875991</name><description>Exact active runtime footprint; tagged or estimated height</description><styleUrl>#building</styleUrl><Polygon><altitudeMode>clampToGround</altitudeMode><outerBoundaryIs><LinearRing><coordinates>-83.0320073238,42.3432178406,0 -83.0319005559,42.3432625830,0 -83.0319027431,42.3432653836,0 -83.0318718946,42.3432783434,0 -83.0318747663,42.3432822003,0 -83.0318358596,42.3432984959,0 -83.0318310330,42.3432953696,0 -83.0317911065,42.3433125153,0 -83.0317951163,42.3433176499,0 -83.0317548741,42.3433349303,0 -83.0317514719,42.3433305737,0 -83.0317182801,42.3433448449,0 -83.0317144820,42.3433423169,0 -83.0316809582,42.3433565223,0 -83.0316218117,42.3432804257,0 -83.0316527492,42.3432672205,0 -83.0316563500,42.3432720110,0 -83.0316959326,42.3432553233,0 -83.0316935632,42.3432522892,0 -83.0318108821,42.3432027321,0 -83.0318147097,42.3432076333,0 -83.0318513458,42.3431922031,0 -83.0318477006,42.3431875354,0 -83.0319181317,42.3431578879,0 -83.0319224615,42.3431636119,0 -83.0319550989,42.3431498886,0 -83.0320073238,42.3432178406,0</coordinates></LinearRing></outerBoundaryIs></Polygon></Placemark><Placemark><name>Building OSM 931877967</name><description>Exact active runtime footprint; tagged or estimated height</description><styleUrl>#building</styleUrl><Polygon><altitudeMode>clampToGround</altitudeMode><outerBoundaryIs><LinearRing><coordinates>-83.0320741373,42.3446294825,0 -83.0320370965,42.3446452927,0 -83.0320447515,42.3446550950,0 -83.0319505711,42.3446952945,0 -83.0319421263,42.3446844808,0 -83.0318307934,42.3447320015,0 -83.0317284669,42.3446007924,0 -83.0317684097,42.3445838472,0 -83.0317903420,42.3446119316,0 -83.0317955427,42.3446096080,0 -83.0318014196,42.3446169537,0 -83.0317923254,42.3446209392,0 -83.0318055698,42.3446378987,0 -83.0318362524,42.3446249061,0 -83.0318438466,42.3446346306,0 -83.0318704089,42.3446231892,0 -83.0318634830,42.3446143204,0 -83.0318939995,42.3446012949,0 -83.0318518360,42.3445473045,0 -83.0319293457,42.3445143244,0 -83.0319706749,42.3445674262,0 -83.0320004104,42.3445548378,0 -83.0320055138,42.3445613727,0 -83.0320170890,42.3445564320,0 -83.0320741373,42.3446294825,0</coordinates></LinearRing></outerBoundaryIs></Polygon></Placemark><Placemark><name>Building OSM 988473834</name><description>Exact active runtime footprint; tagged or estimated height</description><styleUrl>#building</styleUrl><Polygon><altitudeMode>clampToGround</altitudeMode><outerBoundaryIs><LinearRing><coordinates>-83.0314387974,42.3439282169,0 -83.0313140397,42.3439813640,0 -83.0313063239,42.3439714839,0 -83.0311879851,42.3440218912,0 -83.0311849474,42.3440180014,0 -83.0311542649,42.3440309941,0 -83.0311585784,42.3440365176,0 -83.0310845858,42.3440678927,0 -83.0310798470,42.3440618246,0 -83.0310436317,42.3440770751,0 -83.0309875837,42.3440049461,0 -83.0311296761,42.3439447111,0 -83.0311258486,42.3439398100,0 -83.0311648443,42.3439232690,0 -83.0311683843,42.3439279817,0 -83.0312109133,42.3439100363,0 -83.0312076326,42.3439058353,0 -83.0312482675,42.3438886984,0 -83.0312548452,42.3438973009,0 -83.0312956298,42.3438799964,0 -83.0312981207,42.3438831860,0 -83.0313339595,42.3438679925,0 -83.0313309825,42.3438641805,0 -83.0313745031,42.3438457082,0 -83.0314387974,42.3439282169,0</coordinates></LinearRing></outerBoundaryIs></Polygon></Placemark><Placemark><name>Building OSM 988473835</name><description>Exact active runtime footprint; tagged or estimated height</description><styleUrl>#building</styleUrl><Polygon><altitudeMode>clampToGround</altitudeMode><outerBoundaryIs><LinearRing><coordinates>-83.0310718773,42.3438771674,0 -83.0310316667,42.3438271149,0 -83.0310374988,42.3438245218,0 -83.0310127762,42.3437935831,0 -83.0310047342,42.3437971194,0 -83.0309791166,42.3437652142,0 -83.0309847990,42.3437627888,0 -83.0309610484,42.3437330948,0 -83.0308475872,42.3437825612,0 -83.0309210868,42.3438745217,0 -83.0309280156,42.3438713567,0 -83.0309475459,42.3438960060,0 -83.0309398642,42.3438992849,0 -83.0309610631,42.3439257115,0 -83.0310718773,42.3438771674,0</coordinates></LinearRing></outerBoundaryIs></Polygon></Placemark><Placemark><name>Building OSM 988473838</name><description>Exact active runtime footprint; tagged or estimated height</description><styleUrl>#building</styleUrl><Polygon><altitudeMode>clampToGround</altitudeMode><outerBoundaryIs><LinearRing><coordinates>-83.0315035068,42.3438944767,0 -83.0314836521,42.3438685137,0 -83.0314878613,42.3438667171,0 -83.0314464300,42.3438116880,0 -83.0314422209,42.3438134846,0 -83.0314234879,42.3437885987,0 -83.0314063192,42.3437957194,0 -83.0313854436,42.3437679101,0 -83.0313886005,42.3437665627,0 -83.0313475945,42.3437120782,0 -83.0313424827,42.3437141563,0 -83.0313199830,42.3436844470,0 -83.0314246506,42.3436413272,0 -83.0314451010,42.3436685920,0 -83.0314558952,42.3436640884,0 -83.0315018222,42.3437248744,0 -83.0314933431,42.3437283898,0 -83.0315086575,42.3437487186,0 -83.0315215118,42.3437434394,0 -83.0315412006,42.3437693696,0 -83.0315514241,42.3437652133,0 -83.0315966058,42.3438248652,0 -83.0315879162,42.3438284705,0 -83.0316057824,42.3438520668,0 -83.0315035068,42.3438944767,0</coordinates></LinearRing></outerBoundaryIs></Polygon></Placemark><Placemark><name>Building OSM 988473839</name><description>Exact active runtime footprint; tagged or estimated height</description><styleUrl>#building</styleUrl><Polygon><altitudeMode>clampToGround</altitudeMode><outerBoundaryIs><LinearRing><coordinates>-83.0313516294,42.3435136876,0 -83.0313147665,42.3435290070,0 -83.0313125794,42.3435262063,0 -83.0312401001,42.3435561057,0 -83.0312423480,42.3435589842,0 -83.0312102204,42.3435722824,0 -83.0312123024,42.3435751280,0 -83.0311676362,42.3435935706,0 -83.0311650845,42.3435903032,0 -83.0311289582,42.3436053082,0 -83.0311322553,42.3436097097,0 -83.0310875891,42.3436281524,0 -83.0310799015,42.3436179491,0 -83.0310418203,42.3436336848,0 -83.0310372042,42.3436304687,0 -83.0309977800,42.3436484373,0 -83.0310002547,42.3436514264,0 -83.0309615509,42.3436688801,0 -83.0309587562,42.3436653015,0 -83.0309276571,42.3436791980,0 -83.0309259559,42.3436770197,0 -83.0308509805,42.3437103703,0 -83.0308531069,42.3437130931,0 -83.0308193608,42.3437279120,0 -83.0307621433,42.3436568009,0 -83.0307993620,42.3436404998,0 -83.0307957938,42.3436361103,0 -83.0308648526,42.3436063225,0 -83.0308688016,42.3436113792,0 -83.0309082626,42.3435945359,0 -83.0309028392,42.3435874115,0 -83.0310187902,42.3435384383,0 -83.0310244404,42.3435456733,0 -83.0311475796,42.3434940469,0 -83.0311503905,42.3434978260,0 -83.0311829835,42.3434842254,0 -83.0311774223,42.3434767449,0 -83.0312538396,42.3434450610,0 -83.0312576389,42.3434502854,0 -83.0312927736,42.3434358073,0 -83.0313516294,42.3435136876,0</coordinates></LinearRing></outerBoundaryIs></Polygon></Placemark><Placemark><name>Building OSM 988645972</name><description>Exact active runtime footprint; tagged or estimated height</description><styleUrl>#building</styleUrl><Polygon><altitudeMode>clampToGround</altitudeMode><outerBoundaryIs><LinearRing><coordinates>-83.0304522334,42.3439177038,0 -83.0304165443,42.3439327297,0 -83.0304146772,42.3439305185,0 -83.0303417651,42.3439611213,0 -83.0303437537,42.3439634880,0 -83.0303050574,42.3439796937,0 -83.0302454043,42.3439020501,0 -83.0302777260,42.3438884615,0 -83.0302727442,42.3438820822,0 -83.0303557139,42.3438472903,0 -83.0303609550,42.3438541813,0 -83.0303930218,42.3438408052,0 -83.0304522334,42.3439177038,0</coordinates></LinearRing></outerBoundaryIs></Polygon></Placemark><Placemark><name>Building OSM 988645973</name><description>Exact active runtime footprint; tagged or estimated height</description><styleUrl>#building</styleUrl><Polygon><altitudeMode>clampToGround</altitudeMode><outerBoundaryIs><LinearRing><coordinates>-83.0327869974,42.3458450326,0 -83.0325547715,42.3455413786,0 -83.0324524678,42.3455841117,0 -83.0324613542,42.3455956705,0 -83.0324529358,42.3455992637,0 -83.0324711502,42.3456231263,0 -83.0324063852,42.3456501478,0 -83.0324489501,42.3457057303,0 -83.0325131282,42.3456788555,0 -83.0325323917,42.3457042411,0 -83.0325439224,42.3456994231,0 -83.0325561059,42.3457153833,0 -83.0325475823,42.3457190215,0 -83.0325665864,42.3457438953,0 -83.0325042862,42.3457697611,0 -83.0325444980,42.3458225101,0 -83.0326080002,42.3457960275,0 -83.0326280980,42.3458223017,0 -83.0326407863,42.3458169896,0 -83.0326553391,42.3458359839,0 -83.0326430717,42.3458411163,0 -83.0326584588,42.3458609992,0 -83.0325962194,42.3458869428,0 -83.0326180345,42.3459155958,0 -83.0327869974,42.3458450326,0</coordinates></LinearRing></outerBoundaryIs></Polygon></Placemark><Placemark><name>Building OSM 988670766</name><description>Exact active runtime footprint; tagged or estimated height</description><styleUrl>#building</styleUrl><Polygon><altitudeMode>clampToGround</altitudeMode><outerBoundaryIs><LinearRing><coordinates>-83.0325120550,42.3459485916,0 -83.0324899611,42.3459211986,0 -83.0324208904,42.3459515101,0 -83.0324054306,42.3459320731,0 -83.0323951213,42.3459345027,0 -83.0323826385,42.3459188777,0 -83.0323893287,42.3459161258,0 -83.0323666717,42.3458878321,0 -83.0324388103,42.3458564185,0 -83.0324156066,42.3458274247,0 -83.0323871056,42.3458397973,0 -83.0323598476,42.3458057916,0 -83.0323104223,42.3458273030,0 -83.0322994583,42.3458136229,0 -83.0322916876,42.3458171472,0 -83.0322866450,42.3458106901,0 -83.0321986493,42.3458492870,0 -83.0323393257,42.3460243929,0 -83.0325120550,42.3459485916,0</coordinates></LinearRing></outerBoundaryIs></Polygon></Placemark><Placemark><name>Building OSM 989086350</name><description>Exact active runtime footprint; tagged or estimated height</description><styleUrl>#building</styleUrl><Polygon><altitudeMode>clampToGround</altitudeMode><outerBoundaryIs><LinearRing><coordinates>-83.0307389453,42.3442293235,0 -83.0306753236,42.3441483948,0 -83.0306318193,42.3441670676,0 -83.0306342495,42.3441701795,0 -83.0305975852,42.3441859328,0 -83.0305949120,42.3441825098,0 -83.0305585633,42.3441981283,0 -83.0305506045,42.3441879371,0 -83.0302827553,42.3443030941,0 -83.0303437038,42.3443805998,0 -83.0303751511,42.3443669695,0 -83.0303804812,42.3443736151,0 -83.0304591766,42.3443398177,0 -83.0304532997,42.3443324720,0 -83.0304824483,42.3443200304,0 -83.0304860491,42.3443248209,0 -83.0306060834,42.3442731712,0 -83.0306137992,42.3442830513,0 -83.0307389453,42.3442293235,0</coordinates></LinearRing></outerBoundaryIs></Polygon></Placemark><Placemark><name>Building OSM 1066433728</name><description>Exact active runtime footprint; tagged or estimated height</description><styleUrl>#building</styleUrl><Polygon><altitudeMode>clampToGround</altitudeMode><outerBoundaryIs><LinearRing><coordinates>-83.0303805444,42.3441739116,0 -83.0303429125,42.3441241069,0 -83.0303464458,42.3441227025,0 -83.0303222895,42.3440906922,0 -83.0303143810,42.3440938604,0 -83.0302941129,42.3440668290,0 -83.0302982776,42.3440651551,0 -83.0302737849,42.3440323549,0 -83.0302674711,42.3440350498,0 -83.0301879902,42.3439284235,0 -83.0301398797,42.3439480251,0 -83.0300849737,42.3439704236,0 -83.0301041320,42.3439958541,0 -83.0300999228,42.3439976507,0 -83.0301438775,42.3440562704,0 -83.0301524174,42.3440528328,0 -83.0301703605,42.3440767074,0 -83.0301652488,42.3440787855,0 -83.0302336474,42.3441696040,0 -83.0302400664,42.3441668641,0 -83.0302569604,42.3441892157,0 -83.0302505859,42.3441918328,0 -83.0302710807,42.3442189748,0 -83.0303805444,42.3441739116,0</coordinates></LinearRing></outerBoundaryIs></Polygon></Placemark><Placemark><name>Building OSM 1069334582</name><description>Exact active runtime footprint; tagged or estimated height</description><styleUrl>#building</styleUrl><Polygon><altitudeMode>clampToGround</altitudeMode><outerBoundaryIs><LinearRing><coordinates>-83.0321319166,42.3448013849,0 -83.0320547551,42.3448346312,0 -83.0320401296,42.3448160829,0 -83.0319933188,42.3448362708,0 -83.0320065025,42.3448531526,0 -83.0318903616,42.3449031404,0 -83.0318778018,42.3448872371,0 -83.0318280890,42.3449085599,0 -83.0318414994,42.3449255524,0 -83.0317267265,42.3449749562,0 -83.0317137414,42.3449585084,0 -83.0316738757,42.3449757319,0 -83.0316876506,42.3449931911,0 -83.0316478902,42.3450103697,0 -83.0317095514,42.3450886084,0 -83.0317540472,42.3450694086,0 -83.0317881423,42.3451125285,0 -83.0318597266,42.3450816627,0 -83.0318260568,42.3450390874,0 -83.0318594590,42.3450247265,0 -83.0318522292,42.3450154687,0 -83.0318750640,42.3450057221,0 -83.0318828243,42.3450154794,0 -83.0319112807,42.3450032295,0 -83.0319473807,42.3450489166,0 -83.0320415286,42.3450083162,0 -83.0320114270,42.3449701304,0 -83.0320300363,42.3449619798,0 -83.0320169905,42.3449454542,0 -83.0320365631,42.3449370999,0 -83.0320432298,42.3449454570,0 -83.0320762111,42.3449312757,0 -83.0321103225,42.3449745960,0 -83.0321864316,42.3449417989,0 -83.0321526241,42.3448988675,0 -83.0321842374,42.3448852701,0 -83.0321773884,42.3448766797,0 -83.0321877009,42.3448722779,0 -83.0321319166,42.3448013849,0</coordinates></LinearRing></outerBoundaryIs></Polygon></Placemark><Placemark><name>Building OSM 1071969875</name><description>Exact active runtime footprint; tagged or estimated height</description><styleUrl>#building</styleUrl><Polygon><altitudeMode>clampToGround</altitudeMode><outerBoundaryIs><LinearRing><coordinates>-83.0299429610,42.3440463912,0 -83.0298825625,42.3440702006,0 -83.0298792655,42.3440657991,0 -83.0297636854,42.3441112947,0 -83.0297526964,42.3440959656,0 -83.0296379581,42.3441411019,0 -83.0296313316,42.3441318979,0 -83.0295266227,42.3441731682,0 -83.0295296322,42.3441773812,0 -83.0295038911,42.3441875386,0 -83.0295277687,42.3442208089,0 -83.0295358432,42.3442176736,0 -83.0295669386,42.3442607253,0 -83.0295799589,42.3442554790,0 -83.0295849896,42.3442624598,0 -83.0296872174,42.3442221448,0 -83.0296950146,42.3442330274,0 -83.0298106392,42.3441874091,0 -83.0298209598,42.3442018824,0 -83.0299539961,42.3441494545,0 -83.0299512904,42.3441456305,0 -83.0300005020,42.3441261812,0 -83.0299429610,42.3440463912,0</coordinates></LinearRing></outerBoundaryIs></Polygon></Placemark><Placemark><name>Building OSM 1076596051</name><description>Exact active runtime footprint; tagged or estimated height</description><styleUrl>#building</styleUrl><Polygon><altitudeMode>clampToGround</altitudeMode><outerBoundaryIs><LinearRing><coordinates>-83.0318220948,42.3462555376,0 -83.0317806234,42.3462013555,0 -83.0317754064,42.3462034785,0 -83.0317514649,42.3461721026,0 -83.0317557793,42.3461702611,0 -83.0317332514,42.3461408751,0 -83.0317288317,42.3461427615,0 -83.0317042381,42.3461107304,0 -83.0318134870,42.3460650328,0 -83.0319011078,42.3461793874,0 -83.0319095869,42.3461758719,0 -83.0319346058,42.3462084476,0 -83.0318220948,42.3462555376,0</coordinates></LinearRing></outerBoundaryIs></Polygon></Placemark><Placemark><name>Building OSM 1163113886</name><description>Exact active runtime footprint; tagged or estimated height</description><styleUrl>#building</styleUrl><Polygon><altitudeMode>clampToGround</altitudeMode><outerBoundaryIs><LinearRing><coordinates>-83.0292964960,42.3434172975,0 -83.0299469209,42.3431799204,0 -83.0300070246,42.3432698191,0 -83.0299701205,42.3432832890,0 -83.0299724780,42.3432868468,0 -83.0299760721,42.3432855201,0 -83.0300043740,42.3433276897,0 -83.0299030920,42.3433649041,0 -83.0298740448,42.3433216005,0 -83.0298769022,42.3433205883,0 -83.0298747270,42.3433172639,0 -83.0298168008,42.3433386695,0 -83.0298181092,42.3433407042,0 -83.0298209666,42.3433396920,0 -83.0298500258,42.3433824719,0 -83.0297445347,42.3434214829,0 -83.0297148517,42.3433777245,0 -83.0297181745,42.3433764100,0 -83.0297169269,42.3433744530,0 -83.0296514523,42.3433987693,0 -83.0296533683,42.3434015820,0 -83.0296568571,42.3434003003,0 -83.0296849605,42.3434420359,0 -83.0295807039,42.3434808312,0 -83.0295515840,42.3434379735,0 -83.0295557650,42.3434365001,0 -83.0295537720,42.3434334091,0 -83.0294860106,42.3434583904,0 -83.0294886881,42.3434625376,0 -83.0294916953,42.3434613578,0 -83.0295192519,42.3435023932,0 -83.0294227378,42.3435379874,0 -83.0293942536,42.3434955845,0 -83.0293983739,42.3434940333,0 -83.0293960771,42.3434905533,0 -83.0293552469,42.3435052842,0 -83.0292964960,42.3434172975,0</coordinates></LinearRing></outerBoundaryIs></Polygon></Placemark><Placemark><name>Building OSM 1163113887</name><description>Exact active runtime footprint; tagged or estimated height</description><styleUrl>#building</styleUrl><Polygon><altitudeMode>clampToGround</altitudeMode><outerBoundaryIs><LinearRing><coordinates>-83.0295864182,42.3438415440,0 -83.0303916102,42.3435538736,0 -83.0303316148,42.3434619578,0 -83.0302943179,42.3434752842,0 -83.0302931310,42.3434734051,0 -83.0302966199,42.3434721234,0 -83.0302679610,42.3434282391,0 -83.0301646265,42.3434649811,0 -83.0301935610,42.3435095776,0 -83.0301964792,42.3435086432,0 -83.0301979698,42.3435109113,0 -83.0301408203,42.3435311556,0 -83.0301400142,42.3435299437,0 -83.0301428110,42.3435288537,0 -83.0301145448,42.3434851130,0 -83.0300074176,42.3435227477,0 -83.0300362469,42.3435673891,0 -83.0300396305,42.3435661523,0 -83.0300405907,42.3435679208,0 -83.0299746420,42.3435910910,0 -83.0299728920,42.3435883112,0 -83.0299762756,42.3435870744,0 -83.0299492571,42.3435452906,0 -83.0298445220,42.3435822155,0 -83.0298717999,42.3436245110,0 -83.0298761306,42.3436228700,0 -83.0298788244,42.3436272177,0 -83.0298090712,42.3436518044,0 -83.0298054823,42.3436464902,0 -83.0298085058,42.3436455109,0 -83.0297824311,42.3436052950,0 -83.0296867057,42.3436392042,0 -83.0297137079,42.3436807874,0 -83.0297177837,42.3436793589,0 -83.0297207042,42.3436838174,0 -83.0296455680,42.3437104942,0 -83.0296416428,42.3437043900,0 -83.0296483656,42.3437020392,0 -83.0296206625,42.3436591991,0 -83.0295311782,42.3436908592,0 -83.0295571758,42.3437307968,0 -83.0295636273,42.3437284579,0 -83.0295702908,42.3437387872,0 -83.0295289182,42.3437535421,0 -83.0295864182,42.3438415440,0</coordinates></LinearRing></outerBoundaryIs></Polygon></Placemark></Document></kml>